Participant ID,Timestamp-Pre,How old are you?,Gender?,What describes you the best?,How comfortable are you in expressing emotions?,"Have you ever played with the ""drummer bot"" dB before?","How much prior experience do you have with interactive musical interfaces (e.g. sensor systems, digital control devices)?","How often do you use AI tools for creativity (e.g., writing, coding, music, fine arts, food recipes, etc.)?",Please indicate if you have any of the following health problems.,Timestamp-During,Session ID (the last session that the participant has completed),I felt bored,I felt annoyed,I felt excited,I felt at ease,I felt satisfied,I felt curious,I felt stressed,I felt tired,Timestamp-Post,How coherent do you think the dB’s responses were to your input?,Who had the overall control of the interaction?,I found it engaging,dB can be frustrating,I got confused often,It was a creative experience,dB can be surprising,I would like to play more,"Please add if you have any comments, suggestions, or requests."
andsti-01,2024/11/05 5:49:00 PM GMT+1,25,Male,Avid music listener,2,No,2,1,,2024/11/05 5:50:02 PM GMT+1,ILLIAC,1,2,3,1,2,3,2,4,2024/11/05 6:04:24 PM GMT+1,1,1,2,4,3,2,4,0,
andsti-01,2024/11/05 5:49:00 PM GMT+1,25,Male,Avid music listener,2,No,2,1,,2024/11/05 5:54:41 PM GMT+1,CYSP,3,2,1,2,1,1,2,4,2024/11/05 6:04:24 PM GMT+1,1,1,2,4,3,2,4,0,
andsti-01,2024/11/05 5:49:00 PM GMT+1,25,Male,Avid music listener,2,No,2,1,,2024/11/05 5:59:13 PM GMT+1,VOYAGER,4,2,1,1,1,1,1,4,2024/11/05 6:04:24 PM GMT+1,1,1,2,4,3,2,4,0,
andsti-01,2024/11/05 5:49:00 PM GMT+1,25,Male,Avid music listener,2,No,2,1,,2024/11/05 6:05:35 PM GMT+1,ALICE,3,3,1,2,1,1,1,4,2024/11/05 6:04:24 PM GMT+1,1,1,2,4,3,2,4,0,
andsti-02,2024/11/05 10:32:50 PM GMT+1,25,Female,Student/semi-professional musician,0,No,1,4,"ADHD;adhd er ikke en ""health problem""",2024/11/05 10:40:04 PM GMT+1,ALICE,4,4,0,1,0,1,2,0,2024/11/05 10:55:25 PM GMT+1,2,1,1,2,1,1,3,0,
andsti-02,2024/11/05 10:32:50 PM GMT+1,25,Female,Student/semi-professional musician,0,No,1,4,"ADHD;adhd er ikke en ""health problem""",2024/11/05 10:45:24 PM GMT+1,CYSP,4,3,0,0,1,1,1,0,2024/11/05 10:55:25 PM GMT+1,2,1,1,2,1,1,3,0,
andsti-02,2024/11/05 10:32:50 PM GMT+1,25,Female,Student/semi-professional musician,0,No,1,4,"ADHD;adhd er ikke en ""health problem""",2024/11/05 10:50:14 PM GMT+1,VOYAGER,4,4,0,0,0,2,2,2,2024/11/05 10:55:25 PM GMT+1,2,1,1,2,1,1,3,0,
andsti-02,2024/11/05 10:32:50 PM GMT+1,25,Female,Student/semi-professional musician,0,No,1,4,"ADHD;adhd er ikke en ""health problem""",2024/11/05 10:56:05 PM GMT+1,ILLIAC,4,4,0,0,0,0,3,2,2024/11/05 10:55:25 PM GMT+1,2,1,1,2,1,1,3,0,
andsti-04,2024/11/06 11:36:48 AM GMT+1,24,Female,Averagely interested in music,3,No,2,3,,2024/11/06 11:45:49 AM GMT+1,VOYAGER,3,2,0,1,1,3,3,2,2024/11/06 12:01:45 PM GMT+1,1,1,0,1,4,2,1,0,"Very confusing, I didn't know when I did something or when db did something. Also difficult to know where in the beat I was when making more. "
andsti-04,2024/11/06 11:36:48 AM GMT+1,24,Female,Averagely interested in music,3,No,2,3,,2024/11/06 11:51:08 AM GMT+1,ILLIAC,2,2,0,1,2,2,2,2,2024/11/06 12:01:45 PM GMT+1,1,1,0,1,4,2,1,0,"Very confusing, I didn't know when I did something or when db did something. Also difficult to know where in the beat I was when making more. "
andsti-04,2024/11/06 11:36:48 AM GMT+1,24,Female,Averagely interested in music,3,No,2,3,,2024/11/06 11:55:43 AM GMT+1,ALICE,2,1,1,0,1,2,1,2,2024/11/06 12:01:45 PM GMT+1,1,1,0,1,4,2,1,0,"Very confusing, I didn't know when I did something or when db did something. Also difficult to know where in the beat I was when making more. "
andsti-04,2024/11/06 11:36:48 AM GMT+1,24,Female,Averagely interested in music,3,No,2,3,,2024/11/06 12:02:30 PM GMT+1,CYSP,4,3,0,1,0,0,0,3,2024/11/06 12:01:45 PM GMT+1,1,1,0,1,4,2,1,0,"Very confusing, I didn't know when I did something or when db did something. Also difficult to know where in the beat I was when making more. "
andsti-05,2024/11/06 12:16:11 PM GMT+1,24,Female,Avid music listener,2,No,1,3,,2024/11/06 12:21:35 PM GMT+1,ALICE,3,0,3,3,3,2,0,0,2024/11/06 12:35:07 PM GMT+1,1,1,3,4,3,3,4,1,"i got a bit bored after some time, and i got really confused as they were very different responses"
group21-11,2024/11/06 12:09:10 PM GMT+1,49,Male,Not particularly interested in music,2,No,0,3,,2024/11/06 12:22:41 PM GMT+1,CYSP,0,1,1,3,2,4,1,0,2024/11/06 12:47:10 PM GMT+1,2,1,3,3,0,3,3,2,
andsti-05,2024/11/06 12:16:11 PM GMT+1,24,Female,Avid music listener,2,No,1,3,,2024/11/06 12:25:52 PM GMT+1,ILLIAC,2,0,1,0,3,1,0,0,2024/11/06 12:35:07 PM GMT+1,1,1,3,4,3,3,4,1,"i got a bit bored after some time, and i got really confused as they were very different responses"
andsti-05,2024/11/06 12:16:11 PM GMT+1,24,Female,Avid music listener,2,No,1,3,,2024/11/06 12:30:09 PM GMT+1,VOYAGER,4,4,0,1,0,1,0,4,2024/11/06 12:35:07 PM GMT+1,1,1,3,4,3,3,4,1,"i got a bit bored after some time, and i got really confused as they were very different responses"
group21-11,2024/11/06 12:09:10 PM GMT+1,49,Male,Not particularly interested in music,2,No,0,3,,2024/11/06 12:30:25 PM GMT+1,ILLIAC,1,2,2,2,2,3,1,0,2024/11/06 12:47:10 PM GMT+1,2,1,3,3,0,3,3,2,
andsti-05,2024/11/06 12:16:11 PM GMT+1,24,Female,Avid music listener,2,No,1,3,,2024/11/06 12:35:32 PM GMT+1,CYSP,3,1,1,0,1,2,0,0,2024/11/06 12:35:07 PM GMT+1,1,1,3,4,3,3,4,1,"i got a bit bored after some time, and i got really confused as they were very different responses"
group21-11,2024/11/06 12:09:10 PM GMT+1,49,Male,Not particularly interested in music,2,No,0,3,,2024/11/06 12:38:08 PM GMT+1,VOYAGER,2,2,2,2,1,3,1,0,2024/11/06 12:47:10 PM GMT+1,2,1,3,3,0,3,3,2,
group21-11,2024/11/06 12:09:10 PM GMT+1,49,Male,Not particularly interested in music,2,No,0,3,,2024/11/06 12:45:28 PM GMT+1,ALICE,1,1,3,2,3,4,1,0,2024/11/06 12:47:10 PM GMT+1,2,1,3,3,0,3,3,2,
andsti-06,2024/11/06 12:42:02 PM GMT+1,23,Female,Averagely interested in music,3,No,1,2,,2024/11/06 12:49:04 PM GMT+1,ALICE,3,3,2,1,1,2,0,0,2024/11/06 1:04:00 PM GMT+1,2,3,2,4,3,1,3,0,
andsti-06,2024/11/06 12:42:02 PM GMT+1,23,Female,Averagely interested in music,3,No,1,2,,2024/11/06 12:54:15 PM GMT+1,ILLIAC,3,3,2,3,2,0,0,0,2024/11/06 1:04:00 PM GMT+1,2,3,2,4,3,1,3,0,
andsti-06,2024/11/06 12:42:02 PM GMT+1,23,Female,Averagely interested in music,3,No,1,2,,2024/11/06 12:58:43 PM GMT+1,CYSP,4,3,0,0,0,0,0,0,2024/11/06 1:04:00 PM GMT+1,2,3,2,4,3,1,3,0,
pluto1,2024/11/06 12:50:17 PM GMT+1,22,Male,Avid music listener,4,No,2,4,,2024/11/06 12:58:49 PM GMT+1,Alice,1,3,4,0,0,4,1,0,2024/11/06 1:24:07 PM GMT+1,1,0,2,4,4,1,4,2,
group21-12,2024/11/06 12:53:42 PM GMT+1,55,Male,Student/semi-professional musician,2,No,2,0,,2024/11/06 1:02:30 PM GMT+1,ALICE,3,0,0,2,1,3,0,0,2024/11/06 1:23:56 PM GMT+1,1,1,1,2,1,0,0,0,
andsti-06,2024/11/06 12:42:02 PM GMT+1,23,Female,Averagely interested in music,3,No,1,2,,2024/11/06 1:04:44 PM GMT+1,VOYAGER,4,2,1,0,0,0,2,2,2024/11/06 1:04:00 PM GMT+1,2,3,2,4,3,1,3,0,
pluto1,2024/11/06 12:50:17 PM GMT+1,22,Male,Avid music listener,4,No,2,4,,2024/11/06 1:06:27 PM GMT+1,illiac,2,2,1,0,0,4,2,1,2024/11/06 1:24:07 PM GMT+1,1,0,2,4,4,1,4,2,
group21-12,2024/11/06 12:53:42 PM GMT+1,55,Male,Student/semi-professional musician,2,No,2,0,,2024/11/06 1:09:16 PM GMT+1,CYSP,4,0,0,3,0,1,0,0,2024/11/06 1:23:56 PM GMT+1,1,1,1,2,1,0,0,0,
andsti-07,2024/11/06 1:07:41 PM GMT+1,25,Male,Avid music listener,3,No,1,4,,2024/11/06 1:14:12 PM GMT+1,CYSP,0,2,3,3,4,3,0,0,2024/11/06 1:28:45 PM GMT+1,3,1,3,4,1,3,3,3,
group21-12,2024/11/06 12:53:42 PM GMT+1,55,Male,Student/semi-professional musician,2,No,2,0,,2024/11/06 1:16:40 PM GMT+1,ILLIAC,4,1,0,2,1,2,0,0,2024/11/06 1:23:56 PM GMT+1,1,1,1,2,1,0,0,0,
pluto1,2024/11/06 12:50:17 PM GMT+1,22,Male,Avid music listener,4,No,2,4,,2024/11/06 1:18:04 PM GMT+1,voyager,3,3,1,1,1,3,0,2,2024/11/06 1:24:07 PM GMT+1,1,0,2,4,4,1,4,2,
andsti-07,2024/11/06 1:07:41 PM GMT+1,25,Male,Avid music listener,3,No,1,4,,2024/11/06 1:19:29 PM GMT+1,ALICE,2,3,3,3,2,3,0,0,2024/11/06 1:28:45 PM GMT+1,3,1,3,4,1,3,3,3,
andsti-07,2024/11/06 1:07:41 PM GMT+1,25,Male,Avid music listener,3,No,1,4,,2024/11/06 1:23:55 PM GMT+1,VOYAGER,2,3,2,2,1,3,0,0,2024/11/06 1:28:45 PM GMT+1,3,1,3,4,1,3,3,3,
group21-12,2024/11/06 12:53:42 PM GMT+1,55,Male,Student/semi-professional musician,2,No,2,0,,2024/11/06 1:24:47 PM GMT+1,VOYAGER,4,0,1,4,1,1,0,0,2024/11/06 1:23:56 PM GMT+1,1,1,1,2,1,0,0,0,
pluto1,2024/11/06 12:50:17 PM GMT+1,22,Male,Avid music listener,4,No,2,4,,2024/11/06 1:24:48 PM GMT+1,cysp,4,3,1,2,1,1,2,3,2024/11/06 1:24:07 PM GMT+1,1,0,2,4,4,1,4,2,
andsti-07,2024/11/06 1:07:41 PM GMT+1,25,Male,Avid music listener,3,No,1,4,,2024/11/06 1:29:23 PM GMT+1,ILLIAC,1,2,3,3,3,3,0,0,2024/11/06 1:28:45 PM GMT+1,3,1,3,4,1,3,3,3,
pluto2,2024/11/06 1:28:57 PM GMT+1,21,Male,Student/semi-professional musician,3,No,3,2,,2024/11/06 1:36:37 PM GMT+1,cysp,0,1,3,2,2,3,0,0,2024/11/06 2:06:50 PM GMT+1,2,1,2,3,1,3,4,2,
pluto2,2024/11/06 1:28:57 PM GMT+1,21,Male,Student/semi-professional musician,3,No,3,2,,2024/11/06 1:45:30 PM GMT+1,alice,1,2,2,1,1,2,0,1,2024/11/06 2:06:50 PM GMT+1,2,1,2,3,1,3,4,2,
pluto2,2024/11/06 1:28:57 PM GMT+1,21,Male,Student/semi-professional musician,3,No,3,2,,2024/11/06 1:55:42 PM GMT+1,illiac,2,2,1,0,0,2,2,1,2024/11/06 2:06:50 PM GMT+1,2,1,2,3,1,3,4,2,
pluto2,2024/11/06 1:28:57 PM GMT+1,21,Male,Student/semi-professional musician,3,No,3,2,,2024/11/06 2:07:50 PM GMT+1,voyager,2,1,2,2,2,3,0,2,2024/11/06 2:06:50 PM GMT+1,2,1,2,3,1,3,4,2,
pluto3,2024/11/06 2:11:42 PM GMT+1,23,Male,Avid music listener,3,No,0,1,,2024/11/06 2:21:58 PM GMT+1,alice,1,2,3,2,1,3,0,0,2024/11/06 2:45:03 PM GMT+1,1,1,2,4,2,0,3,1,
pluto3,2024/11/06 2:11:42 PM GMT+1,23,Male,Avid music listener,3,No,0,1,,2024/11/06 2:29:44 PM GMT+1,cysp,1,2,2,3,0,2,0,1,2024/11/06 2:45:03 PM GMT+1,1,1,2,4,2,0,3,1,
pluto3,2024/11/06 2:11:42 PM GMT+1,23,Male,Avid music listener,3,No,0,1,,2024/11/06 2:37:04 PM GMT+1,illiac,2,3,0,4,1,2,0,1,2024/11/06 2:45:03 PM GMT+1,1,1,2,4,2,0,3,1,
pluto3,2024/11/06 2:11:42 PM GMT+1,23,Male,Avid music listener,3,No,0,1,,2024/11/06 2:45:57 PM GMT+1,voyager,3,3,0,4,0,1,0,2,2024/11/06 2:45:03 PM GMT+1,1,1,2,4,2,0,3,1,
G17P1,2024/11/06 2:51:27 PM GMT+1,22,Male,Student/semi-professional musician,3,No,3,2,ADHD,2024/11/06 3:02:14 PM GMT+1,ILLIAC,1,2,3,1,1,3,3,0,2024/11/06 3:20:28 PM GMT+1,1,1,1,3,3,1,2,1,
G17P1,2024/11/06 2:51:27 PM GMT+1,22,Male,Student/semi-professional musician,3,No,3,2,ADHD,2024/11/06 3:07:52 PM GMT+1,ALICE,3,3,1,1,1,1,2,2,2024/11/06 3:20:28 PM GMT+1,1,1,1,3,3,1,2,1,
G17P1,2024/11/06 2:51:27 PM GMT+1,22,Male,Student/semi-professional musician,3,No,3,2,ADHD,2024/11/06 3:13:30 PM GMT+1,VOYAGER,1,3,3,2,2,1,1,0,2024/11/06 3:20:28 PM GMT+1,1,1,1,3,3,1,2,1,
G17P1,2024/11/06 2:51:27 PM GMT+1,22,Male,Student/semi-professional musician,3,No,3,2,ADHD,2024/11/06 3:21:11 PM GMT+1,CYSP,1,1,3,3,3,3,0,0,2024/11/06 3:20:28 PM GMT+1,1,1,1,3,3,1,2,1,
G17P3,2024/11/06 3:35:37 PM GMT+1,23,Male,Avid music listener,2,No,1,2,,2024/11/06 3:49:59 PM GMT+1,VOYAGER,3,1,1,4,1,2,0,0,2024/11/06 4:12:09 PM GMT+1,2,1,1,3,2,2,3,1,
G17P3,2024/11/06 3:35:37 PM GMT+1,23,Male,Avid music listener,2,No,1,2,,2024/11/06 3:59:06 PM GMT+1,CYSP,1,0,3,3,3,3,0,0,2024/11/06 4:12:09 PM GMT+1,2,1,1,3,2,2,3,1,
G17P3,2024/11/06 3:35:37 PM GMT+1,23,Male,Avid music listener,2,No,1,2,,2024/11/06 4:04:32 PM GMT+1,ALICE,2,1,1,3,2,1,0,0,2024/11/06 4:12:09 PM GMT+1,2,1,1,3,2,2,3,1,
G17P3,2024/11/06 3:35:37 PM GMT+1,23,Male,Avid music listener,2,No,1,2,,2024/11/06 4:13:39 PM GMT+1,ILLIAC,2,3,1,2,1,2,1,1,2024/11/06 4:12:09 PM GMT+1,2,1,1,3,2,2,3,1,
group19_1,2024/11/06 4:57:21 PM GMT+1,22,Male,Avid music listener,4,No,1,3,,2024/11/06 5:20:05 PM GMT+1,VOYAGER,3,3,1,0,0,2,4,4,2024/11/06 5:38:58 PM GMT+1,1,0,0,4,4,0,1,0,"beat never matched correlation between reference point and the next key. didn't feel responsive. distracting to hear the beat playing while hearing a new one. didn't feel like I knew where the ""player"" was in the track ever."
group19_1,2024/11/06 4:57:21 PM GMT+1,22,Male,Avid music listener,4,No,1,3,,2024/11/06 5:26:40 PM GMT+1,ILLIAC,4,3,2,0,0,1,3,4,2024/11/06 5:38:58 PM GMT+1,1,0,0,4,4,0,1,0,"beat never matched correlation between reference point and the next key. didn't feel responsive. distracting to hear the beat playing while hearing a new one. didn't feel like I knew where the ""player"" was in the track ever."
group19_1,2024/11/06 4:57:21 PM GMT+1,22,Male,Avid music listener,4,No,1,3,,2024/11/06 5:31:57 PM GMT+1,ALICE,4,3,0,2,0,2,1,4,2024/11/06 5:38:58 PM GMT+1,1,0,0,4,4,0,1,0,"beat never matched correlation between reference point and the next key. didn't feel responsive. distracting to hear the beat playing while hearing a new one. didn't feel like I knew where the ""player"" was in the track ever."
group19_1,2024/11/06 4:57:21 PM GMT+1,22,Male,Avid music listener,4,No,1,3,,2024/11/06 5:40:15 PM GMT+1,CYSP,4,2,1,0,0,1,2,4,2024/11/06 5:38:58 PM GMT+1,1,0,0,4,4,0,1,0,"beat never matched correlation between reference point and the next key. didn't feel responsive. distracting to hear the beat playing while hearing a new one. didn't feel like I knew where the ""player"" was in the track ever."
group19_2,2024/11/06 5:53:24 PM GMT+1,22,Male,Avid music listener,4,No,3,1,,2024/11/06 6:05:21 PM GMT+1,VOYAGER,4,3,0,0,0,0,0,0,2024/11/06 6:18:55 PM GMT+1,1,1,0,4,0,2,3,0,fyi on firefox constatly having files donwload created a pop up that disabled my inputs unless i remvoed the pop up
group19_2,2024/11/06 5:53:24 PM GMT+1,22,Male,Avid music listener,4,No,3,1,,2024/11/06 6:10:02 PM GMT+1,ILLIAC,1,4,0,0,0,3,1,0,2024/11/06 6:18:55 PM GMT+1,1,1,0,4,0,2,3,0,fyi on firefox constatly having files donwload created a pop up that disabled my inputs unless i remvoed the pop up
group19_2,2024/11/06 5:53:24 PM GMT+1,22,Male,Avid music listener,4,No,3,1,,2024/11/06 6:14:12 PM GMT+1,ALICE,3,3,2,2,0,0,0,0,2024/11/06 6:18:55 PM GMT+1,1,1,0,4,0,2,3,0,fyi on firefox constatly having files donwload created a pop up that disabled my inputs unless i remvoed the pop up
group19_2,2024/11/06 5:53:24 PM GMT+1,22,Male,Avid music listener,4,No,3,1,,2024/11/06 6:19:33 PM GMT+1,CYSP,2,3,1,2,2,0,0,0,2024/11/06 6:18:55 PM GMT+1,1,1,0,4,0,2,3,0,fyi on firefox constatly having files donwload created a pop up that disabled my inputs unless i remvoed the pop up
G17P5,2024/11/06 6:35:31 PM GMT+1,24,Male,Not particularly interested in music,0,No,0,0,,2024/11/06 6:45:46 PM GMT+1,CYSP,4,4,0,0,0,0,0,2,2024/11/06 7:09:00 PM GMT+1,1,0,1,2,0,0,2,0,
G17P5,2024/11/06 6:35:31 PM GMT+1,24,Male,Not particularly interested in music,0,No,0,0,,2024/11/06 6:53:40 PM GMT+1,ALICE,2,2,1,1,1,1,0,0,2024/11/06 7:09:00 PM GMT+1,1,0,1,2,0,0,2,0,
G17P5,2024/11/06 6:35:31 PM GMT+1,24,Male,Not particularly interested in music,0,No,0,0,,2024/11/06 7:01:08 PM GMT+1,ILLIAC,1,0,0,0,1,0,0,0,2024/11/06 7:09:00 PM GMT+1,1,0,1,2,0,0,2,0,
G17P5,2024/11/06 6:35:31 PM GMT+1,24,Male,Not particularly interested in music,0,No,0,0,,2024/11/06 7:10:05 PM GMT+1,VOYAGER,3,2,1,1,1,0,0,0,2024/11/06 7:09:00 PM GMT+1,1,0,1,2,0,0,2,0,
group19_3,2024/11/06 7:34:00 PM GMT+1,21,Male,Averagely interested in music,2,No,1,2,,2024/11/06 7:44:37 PM GMT+1,ALICE,2,1,2,3,2,1,1,2,2024/11/06 8:18:54 PM GMT+1,1,1,3,1,1,1,0,2,
group19_3,2024/11/06 7:34:00 PM GMT+1,21,Male,Averagely interested in music,2,No,1,2,,2024/11/06 7:49:28 PM GMT+1,VOYAGER,3,2,1,2,1,1,0,2,2024/11/06 8:18:54 PM GMT+1,1,1,3,1,1,1,0,2,
group19_3,2024/11/06 7:34:00 PM GMT+1,21,Male,Averagely interested in music,2,No,1,2,,2024/11/06 7:54:10 PM GMT+1,ILLIAC,1,1,3,2,4,3,1,1,2024/11/06 8:18:54 PM GMT+1,1,1,3,1,1,1,0,2,
group19_3,2024/11/06 7:34:00 PM GMT+1,21,Male,Averagely interested in music,2,No,1,2,,2024/11/06 8:04:20 PM GMT+1,CYSP,1,0,3,3,3,2,1,2,2024/11/06 8:18:54 PM GMT+1,1,1,3,1,1,1,0,2,
dogdt1,2024/11/06 7:53:46 PM GMT+1,23,Female,Avid music listener,3,No,0,1,,2024/11/06 8:05:55 PM GMT+1,ILLIAC,1,3,3,2,1,3,2,1,2024/11/10 4:52:08 PM GMT+1,2,3,3,3,3,1,2,2,
dogdt1,2024/11/06 7:53:46 PM GMT+1,23,Female,Avid music listener,3,No,0,1,,2024/11/06 8:14:12 PM GMT+1,ALICE,0,0,4,4,4,3,0,1,2024/11/10 4:52:08 PM GMT+1,2,3,3,3,3,1,2,2,
hallachief,2024/11/06 8:30:07 PM GMT+1,23,Male,Student/semi-professional musician,3,No,4,3,,2024/11/06 10:03:57 PM GMT+1,ILLIAC,3,2,3,1,3,4,4,3,2024/11/06 10:21:07 PM GMT+1,4,1,1,1,0,2,1,0,Would like to have some more creative options
hallachief,2024/11/06 8:30:07 PM GMT+1,23,Male,Student/semi-professional musician,3,No,4,3,,2024/11/06 10:09:14 PM GMT+1,CYSP,4,3,1,2,2,3,1,4,2024/11/06 10:21:07 PM GMT+1,4,1,1,1,0,2,1,0,Would like to have some more creative options
hallachief,2024/11/06 8:30:07 PM GMT+1,23,Male,Student/semi-professional musician,3,No,4,3,,2024/11/06 10:15:14 PM GMT+1,VOYAGER,4,4,0,1,1,1,2,3,2024/11/06 10:21:07 PM GMT+1,4,1,1,1,0,2,1,0,Would like to have some more creative options
hallachief,2024/11/06 8:30:07 PM GMT+1,23,Male,Student/semi-professional musician,3,No,4,3,,2024/11/06 10:22:00 PM GMT+1,ALICE,3,2,0,1,1,2,2,3,2024/11/06 10:21:07 PM GMT+1,4,1,1,1,0,2,1,0,Would like to have some more creative options
fastturtle,2024/11/07 9:37:19 AM GMT+1,23,Male,Averagely interested in music,2,No,1,2,,2024/11/07 9:44:14 AM GMT+1,ALICE,1,0,3,4,3,3,0,0,2024/11/07 9:58:00 AM GMT+1,3,1,3,1,3,4,3,1,Great beat
fastturtle,2024/11/07 9:37:19 AM GMT+1,23,Male,Averagely interested in music,2,No,1,2,,2024/11/07 9:48:34 AM GMT+1,CYSP,1,0,3,3,3,3,0,0,2024/11/07 9:58:00 AM GMT+1,3,1,3,1,3,4,3,1,Great beat
fastturtle,2024/11/07 9:37:19 AM GMT+1,23,Male,Averagely interested in music,2,No,1,2,,2024/11/07 9:53:07 AM GMT+1,VOYAGER,1,0,3,3,3,3,0,0,2024/11/07 9:58:00 AM GMT+1,3,1,3,1,3,4,3,1,Great beat
fastturtle,2024/11/07 9:37:19 AM GMT+1,23,Male,Averagely interested in music,2,No,1,2,,2024/11/07 9:58:36 AM GMT+1,ILLIAC,0,1,3,4,3,3,0,0,2024/11/07 9:58:00 AM GMT+1,3,1,3,1,3,4,3,1,Great beat
group21-13,2024/11/07 8:11:52 PM GMT+1,33,Male,Student/semi-professional musician,4,No,3,1,,2024/11/07 8:28:59 PM GMT+1,VOYAGER,1,4,2,0,0,3,0,0,2024/11/07 8:54:33 PM GMT+1,2,4,4,4,3,4,4,3,Would be nice to have more input then space when you try to have high BPM.
group21-13,2024/11/07 8:11:52 PM GMT+1,33,Male,Student/semi-professional musician,4,No,3,1,,2024/11/07 8:37:35 PM GMT+1,CYSP,0,4,3,0,1,4,0,0,2024/11/07 8:54:33 PM GMT+1,2,4,4,4,3,4,4,3,Would be nice to have more input then space when you try to have high BPM.
group21-13,2024/11/07 8:11:52 PM GMT+1,33,Male,Student/semi-professional musician,4,No,3,1,,2024/11/07 8:45:24 PM GMT+1,ILLIAC,2,4,0,0,0,0,1,2,2024/11/07 8:54:33 PM GMT+1,2,4,4,4,3,4,4,3,Would be nice to have more input then space when you try to have high BPM.
group21-13,2024/11/07 8:11:52 PM GMT+1,33,Male,Student/semi-professional musician,4,No,3,1,,2024/11/07 8:55:19 PM GMT+1,ALICE,0,2,4,0,4,3,1,0,2024/11/07 8:54:33 PM GMT+1,2,4,4,4,3,4,4,3,Would be nice to have more input then space when you try to have high BPM.
dogdt2,2024/11/08 12:18:45 PM GMT+1,27,Female,Averagely interested in music,4,No,0,0,,2024/11/08 12:36:21 PM GMT+1,ALICE,4,0,1,3,0,0,0,2,2024/11/08 1:08:07 PM GMT+1,1,0,0,4,4,1,3,0,"The DB was boring, no creativity in the music, the website is annoying and are not responsive at all. "
dogdt2,2024/11/08 12:18:45 PM GMT+1,27,Female,Averagely interested in music,4,No,0,0,,2024/11/08 12:44:25 PM GMT+1,CYSP,1,0,0,0,0,0,4,3,2024/11/08 1:08:07 PM GMT+1,1,0,0,4,4,1,3,0,"The DB was boring, no creativity in the music, the website is annoying and are not responsive at all. "
dogdt2,2024/11/08 12:18:45 PM GMT+1,27,Female,Averagely interested in music,4,No,0,0,,2024/11/08 12:53:01 PM GMT+1,VOYAGER,4,3,0,1,0,0,2,4,2024/11/08 1:08:07 PM GMT+1,1,0,0,4,4,1,3,0,"The DB was boring, no creativity in the music, the website is annoying and are not responsive at all. "
dogdt2,2024/11/08 12:18:45 PM GMT+1,27,Female,Averagely interested in music,4,No,0,0,,2024/11/08 1:03:45 PM GMT+1,ILLIAC,4,4,0,1,0,0,0,4,2024/11/08 1:08:07 PM GMT+1,1,0,0,4,4,1,3,0,"The DB was boring, no creativity in the music, the website is annoying and are not responsive at all. "
Grugru,2024/11/08 12:57:11 PM GMT+1,23,Female,Avid music listener,3,No,0,3,,2024/11/08 1:06:17 PM GMT+1,CYSP,0,0,3,4,3,4,0,0,2024/11/08 1:32:09 PM GMT+1,3,1,4,1,1,3,4,1,
Grugru,2024/11/08 12:57:11 PM GMT+1,23,Female,Avid music listener,3,No,0,3,,2024/11/08 1:13:43 PM GMT+1,VOYAGER,0,0,3,3,2,4,0,0,2024/11/08 1:32:09 PM GMT+1,3,1,4,1,1,3,4,1,
exfac,2024/11/08 1:14:37 PM GMT+1,25,Female,Student/semi-professional musician,4,No,2,0,,2024/11/08 1:25:31 PM GMT+1,VOYAGER,0,2,2,4,1,3,0,0,2024/11/08 1:44:40 PM GMT+1,1,1,2,3,0,0,4,0,he is very weird. i feel sorry for him. he is not able to start on a syncopation!
Grugru,2024/11/08 12:57:11 PM GMT+1,23,Female,Avid music listener,3,No,0,3,,2024/11/08 1:25:46 PM GMT+1,ALICE,1,0,4,3,4,3,0,1,2024/11/08 1:32:09 PM GMT+1,3,1,4,1,1,3,4,1,
dogdt3,2024/11/08 1:14:54 PM GMT+1,22,Female,Averagely interested in music,3,No,1,2,,2024/11/08 1:26:39 PM GMT+1,ILLIAC,0,1,3,2,3,4,1,0,2024/11/08 1:55:57 PM GMT+1,3,3,4,2,0,3,3,4,
Grugru,2024/11/08 12:57:11 PM GMT+1,23,Female,Avid music listener,3,No,0,3,,2024/11/08 1:30:41 PM GMT+1,ILLIAC,0,1,3,2,3,4,2,0,2024/11/08 1:32:09 PM GMT+1,3,1,4,1,1,3,4,1,
exfac,2024/11/08 1:14:37 PM GMT+1,25,Female,Student/semi-professional musician,4,No,2,0,,2024/11/08 1:31:23 PM GMT+1,CYSP,1,1,2,4,4,4,1,0,2024/11/08 1:44:40 PM GMT+1,1,1,2,3,0,0,4,0,he is very weird. i feel sorry for him. he is not able to start on a syncopation!
burger1,2024/11/08 1:24:27 PM GMT+1,22,Male,Avid music listener,3,No,2,3,,2024/11/08 1:32:10 PM GMT+1,ALICE,2,3,0,0,1,4,2,0,2024/11/08 1:56:53 PM GMT+1,3,1,3,4,4,1,4,0,
dogdt3,2024/11/08 1:14:54 PM GMT+1,22,Female,Averagely interested in music,3,No,1,2,,2024/11/08 1:34:28 PM GMT+1,CYSP,0,0,2,3,3,4,1,0,2024/11/08 1:55:57 PM GMT+1,3,3,4,2,0,3,3,4,
exfac,2024/11/08 1:14:37 PM GMT+1,25,Female,Student/semi-professional musician,4,No,2,0,,2024/11/08 1:37:17 PM GMT+1,ILLIAC,2,3,2,4,1,3,0,0,2024/11/08 1:44:40 PM GMT+1,1,1,2,3,0,0,4,0,he is very weird. i feel sorry for him. he is not able to start on a syncopation!
burger1,2024/11/08 1:24:27 PM GMT+1,22,Male,Avid music listener,3,No,2,3,,2024/11/08 1:40:34 PM GMT+1,VOYAGER,4,4,0,0,0,1,0,0,2024/11/08 1:56:53 PM GMT+1,3,1,3,4,4,1,4,0,
dogdt3,2024/11/08 1:14:54 PM GMT+1,22,Female,Averagely interested in music,3,No,1,2,,2024/11/08 1:43:14 PM GMT+1,VOYAGER,2,0,2,4,3,4,0,2,2024/11/08 1:55:57 PM GMT+1,3,3,4,2,0,3,3,4,
exfac,2024/11/08 1:14:37 PM GMT+1,25,Female,Student/semi-professional musician,4,No,2,0,,2024/11/08 1:45:10 PM GMT+1,ALICE,0,1,3,4,1,2,0,0,2024/11/08 1:44:40 PM GMT+1,1,1,2,3,0,0,4,0,he is very weird. i feel sorry for him. he is not able to start on a syncopation!
burger1,2024/11/08 1:24:27 PM GMT+1,22,Male,Avid music listener,3,No,2,3,,2024/11/08 1:48:04 PM GMT+1,ILLIAC,0,1,4,0,3,4,0,0,2024/11/08 1:56:53 PM GMT+1,3,1,3,4,4,1,4,0,
dogdt3,2024/11/08 1:14:54 PM GMT+1,22,Female,Averagely interested in music,3,No,1,2,,2024/11/08 1:54:15 PM GMT+1,ALICE,0,0,3,3,4,4,0,0,2024/11/08 1:55:57 PM GMT+1,3,3,4,2,0,3,3,4,
burger1,2024/11/08 1:24:27 PM GMT+1,22,Male,Avid music listener,3,No,2,3,,2024/11/08 1:55:48 PM GMT+1,CYSP,2,4,1,0,0,4,0,0,2024/11/08 1:56:53 PM GMT+1,3,1,3,4,4,1,4,0,
gr13-knh1,2024/11/08 2:08:47 PM GMT+1,30,Female,Averagely interested in music,3,No,1,1,,2024/11/08 2:20:08 PM GMT+1,VOYAGER,2,0,2,1,2,3,1,0,2024/11/08 2:48:28 PM GMT+1,2,3,3,3,3,3,2,1,"A bit too heavy on the cymbals, maybe. And in general, after a while of testing around, it seemed very strongly like the melodies followed the same ""recipe"" instrument-wise"
gr13-knh1,2024/11/08 2:08:47 PM GMT+1,30,Female,Averagely interested in music,3,No,1,1,,2024/11/08 2:27:59 PM GMT+1,ILLIAC,0,0,2,3,3,3,0,0,2024/11/08 2:48:28 PM GMT+1,2,3,3,3,3,3,2,1,"A bit too heavy on the cymbals, maybe. And in general, after a while of testing around, it seemed very strongly like the melodies followed the same ""recipe"" instrument-wise"
gr13-knh1,2024/11/08 2:08:47 PM GMT+1,30,Female,Averagely interested in music,3,No,1,1,,2024/11/08 2:35:55 PM GMT+1,CYSP,1,0,1,2,1,1,0,2,2024/11/08 2:48:28 PM GMT+1,2,3,3,3,3,3,2,1,"A bit too heavy on the cymbals, maybe. And in general, after a while of testing around, it seemed very strongly like the melodies followed the same ""recipe"" instrument-wise"
gr9-08-11-1423,2024/11/08 2:25:19 PM GMT+1,28,Male,Avid music listener,2,No,1,4,ADHD,2024/11/08 2:40:40 PM GMT+1,ALICE,1,2,3,1,1,3,0,0,2024/11/08 3:03:33 PM GMT+1,1,1,2,3,2,3,3,1,
gr9-08-11-1423,2024/11/08 2:25:19 PM GMT+1,28,Male,Avid music listener,2,No,1,4,ADHD,2024/11/08 2:47:54 PM GMT+1,CYSP,2,1,1,1,1,2,0,0,2024/11/08 3:03:33 PM GMT+1,1,1,2,3,2,3,3,1,
gr13-knh1,2024/11/08 2:08:47 PM GMT+1,30,Female,Averagely interested in music,3,No,1,1,,2024/11/08 2:50:09 PM GMT+1,ALICE,2,3,1,3,1,1,0,2,2024/11/08 2:48:28 PM GMT+1,2,3,3,3,3,3,2,1,"A bit too heavy on the cymbals, maybe. And in general, after a while of testing around, it seemed very strongly like the melodies followed the same ""recipe"" instrument-wise"
gr9-08-11-1423,2024/11/08 2:25:19 PM GMT+1,28,Male,Avid music listener,2,No,1,4,ADHD,2024/11/08 2:55:01 PM GMT+1,ILLIAC,1,1,3,1,2,3,0,0,2024/11/08 3:03:33 PM GMT+1,1,1,2,3,2,3,3,1,
gr9-08-11-1423,2024/11/08 2:25:19 PM GMT+1,28,Male,Avid music listener,2,No,1,4,ADHD,2024/11/08 3:04:20 PM GMT+1,VOYAGER,3,2,1,1,1,2,0,0,2024/11/08 3:03:33 PM GMT+1,1,1,2,3,2,3,3,1,
group19_6,2024/11/08 3:08:17 PM GMT+1,19,Male,Student/semi-professional musician,3,No,3,1,,2024/11/08 3:17:22 PM GMT+1,ALICE,3,0,2,2,2,3,0,1,2024/11/08 3:31:46 PM GMT+1,2,2,2,2,1,4,2,2,
group19_6,2024/11/08 3:08:17 PM GMT+1,19,Male,Student/semi-professional musician,3,No,3,1,,2024/11/08 3:22:20 PM GMT+1,CYSP,0,0,3,2,2,3,0,1,2024/11/08 3:31:46 PM GMT+1,2,2,2,2,1,4,2,2,
group19_6,2024/11/08 3:08:17 PM GMT+1,19,Male,Student/semi-professional musician,3,No,3,1,,2024/11/08 3:26:46 PM GMT+1,VOYAGER,4,2,0,2,1,1,1,1,2024/11/08 3:31:46 PM GMT+1,2,2,2,2,1,4,2,2,
group19_6,2024/11/08 3:08:17 PM GMT+1,19,Male,Student/semi-professional musician,3,No,3,1,,2024/11/08 3:32:35 PM GMT+1,ILLIAC,1,2,3,1,2,2,3,2,2024/11/08 3:31:46 PM GMT+1,2,2,2,2,1,4,2,2,
16_s_1,2024/11/08 4:31:51 PM GMT+1,23,Male,Averagely interested in music,3,No,2,2,,2024/11/08 4:45:44 PM GMT+1,VOYAGER,3,1,1,2,2,2,0,0,2024/11/08 5:04:24 PM GMT+1,2,1,2,3,4,2,3,1,
16_s_1,2024/11/08 4:31:51 PM GMT+1,23,Male,Averagely interested in music,3,No,2,2,,2024/11/08 4:51:04 PM GMT+1,ALICE,1,2,2,2,3,3,1,1,2024/11/08 5:04:24 PM GMT+1,2,1,2,3,4,2,3,1,
16_s_1,2024/11/08 4:31:51 PM GMT+1,23,Male,Averagely interested in music,3,No,2,2,,2024/11/08 4:56:44 PM GMT+1,CYSP,2,3,2,1,1,2,2,0,2024/11/08 5:04:24 PM GMT+1,2,1,2,3,4,2,3,1,
16_s_1,2024/11/08 4:31:51 PM GMT+1,23,Male,Averagely interested in music,3,No,2,2,,2024/11/08 5:05:33 PM GMT+1,ILLIAC,3,4,1,1,1,1,3,3,2024/11/08 5:04:24 PM GMT+1,2,1,2,3,4,2,3,1,
grp3_a,2024/11/08 5:36:08 PM GMT+1,23,Male,Not particularly interested in music,2,No,0,1,,2024/11/08 5:42:53 PM GMT+1,voyager,1,2,1,3,1,3,0,1,2024/11/08 6:06:49 PM GMT+1,1,1,1,3,0,1,3,1,
grp3_a,2024/11/08 5:36:08 PM GMT+1,23,Male,Not particularly interested in music,2,No,0,1,,2024/11/08 5:50:01 PM GMT+1,alice,2,1,2,3,3,2,1,2,2024/11/08 6:06:49 PM GMT+1,1,1,1,3,0,1,3,1,
grp3_a,2024/11/08 5:36:08 PM GMT+1,23,Male,Not particularly interested in music,2,No,0,1,,2024/11/08 5:57:22 PM GMT+1,cysp,2,1,2,1,2,2,1,2,2024/11/08 6:06:49 PM GMT+1,1,1,1,3,0,1,3,1,
grp3_a,2024/11/08 5:36:08 PM GMT+1,23,Male,Not particularly interested in music,2,No,0,1,,2024/11/08 6:04:44 PM GMT+1,illiac,1,3,2,1,1,2,2,1,2024/11/08 6:06:49 PM GMT+1,1,1,1,3,0,1,3,1,
gr9-08-11-1738,2024/11/08 5:47:23 PM GMT+1,65,Female,Averagely interested in music,3,No,0,1,,2024/11/08 6:08:48 PM GMT+1,CYSP,2,1,2,0,0,4,0,0,2024/11/08 6:45:24 PM GMT+1,0,0,1,4,4,2,4,0,
gr9-08-11-1738,2024/11/08 5:47:23 PM GMT+1,65,Female,Averagely interested in music,3,No,0,1,,2024/11/08 6:21:29 PM GMT+1,ALICE,0,4,1,0,0,3,0,0,2024/11/08 6:45:24 PM GMT+1,0,0,1,4,4,2,4,0,
gr9-08-11-1738,2024/11/08 5:47:23 PM GMT+1,65,Female,Averagely interested in music,3,No,0,1,,2024/11/08 6:33:00 PM GMT+1,ILLIAC,0,4,3,0,0,2,0,0,2024/11/08 6:45:24 PM GMT+1,0,0,1,4,4,2,4,0,
gr9-08-11-1738,2024/11/08 5:47:23 PM GMT+1,65,Female,Averagely interested in music,3,No,0,1,,2024/11/08 6:47:15 PM GMT+1,VOYAGER,1,4,1,0,0,3,2,0,2024/11/08 6:45:24 PM GMT+1,0,0,1,4,4,2,4,0,
dogdt4,2024/11/09 11:19:55 AM GMT+1,22,Male,Professional musician,2,No,2,3,,2024/11/09 11:44:04 AM GMT+1,VOYAGER,3,2,0,1,1,2,0,0,2024/11/09 12:10:46 PM GMT+1,2,1,3,4,4,4,4,3,"Overall, I did enjoy the drummer bot. The most exiting session was ILLIAC, the most annoying.. CYSP and VOYAGER. Greetings :)"
dogdt4,2024/11/09 11:19:55 AM GMT+1,22,Male,Professional musician,2,No,2,3,,2024/11/09 11:55:26 AM GMT+1,ILLIAC,0,0,3,2,3,3,0,0,2024/11/09 12:10:46 PM GMT+1,2,1,3,4,4,4,4,3,"Overall, I did enjoy the drummer bot. The most exiting session was ILLIAC, the most annoying.. CYSP and VOYAGER. Greetings :)"
dogdt4,2024/11/09 11:19:55 AM GMT+1,22,Male,Professional musician,2,No,2,3,,2024/11/09 12:00:06 PM GMT+1,ALICE,1,1,0,1,0,1,0,2,2024/11/09 12:10:46 PM GMT+1,2,1,3,4,4,4,4,3,"Overall, I did enjoy the drummer bot. The most exiting session was ILLIAC, the most annoying.. CYSP and VOYAGER. Greetings :)"
dogdt4,2024/11/09 11:19:55 AM GMT+1,22,Male,Professional musician,2,No,2,3,,2024/11/09 12:06:57 PM GMT+1,CYSP,2,2,1,1,1,1,0,1,2024/11/09 12:10:46 PM GMT+1,2,1,3,4,4,4,4,3,"Overall, I did enjoy the drummer bot. The most exiting session was ILLIAC, the most annoying.. CYSP and VOYAGER. Greetings :)"
burger2,2024/11/09 3:05:21 PM GMT+1,22,Male,Avid music listener,3,No,4,4,,2024/11/09 3:11:51 PM GMT+1,CYSP,1,1,3,2,2,3,1,1,2024/11/09 3:33:42 PM GMT+1,1,1,2,3,2,2,3,0,Be able to record instruments individually
burger2,2024/11/09 3:05:21 PM GMT+1,22,Male,Avid music listener,3,No,4,4,,2024/11/09 3:17:24 PM GMT+1,ILLIAC,1,1,3,3,2,3,1,1,2024/11/09 3:33:42 PM GMT+1,1,1,2,3,2,2,3,0,Be able to record instruments individually
burger2,2024/11/09 3:05:21 PM GMT+1,22,Male,Avid music listener,3,No,4,4,,2024/11/09 3:25:16 PM GMT+1,ALICE,3,2,1,2,1,1,1,1,2024/11/09 3:33:42 PM GMT+1,1,1,2,3,2,2,3,0,Be able to record instruments individually
burger2,2024/11/09 3:05:21 PM GMT+1,22,Male,Avid music listener,3,No,4,4,,2024/11/09 3:32:22 PM GMT+1,VOYAGER,4,3,1,2,0,1,1,3,2024/11/09 3:33:42 PM GMT+1,1,1,2,3,2,2,3,0,Be able to record instruments individually
dogdt5,2024/11/09 4:02:46 PM GMT+1,24,Male,Avid music listener,1,No,0,3,,2024/11/09 4:21:51 PM GMT+1,ILLIAC,2,2,1,2,2,3,1,1,2024/11/09 4:46:47 PM GMT+1,1,1,2,2,1,3,0,1,
dogdt5,2024/11/09 4:02:46 PM GMT+1,24,Male,Avid music listener,1,No,0,3,,2024/11/09 4:30:43 PM GMT+1,VOYAGER,3,2,1,2,1,1,1,3,2024/11/09 4:46:47 PM GMT+1,1,1,2,2,1,3,0,1,
dogdt5,2024/11/09 4:02:46 PM GMT+1,24,Male,Avid music listener,1,No,0,3,,2024/11/09 4:37:32 PM GMT+1,ALICE,2,2,2,2,2,2,1,1,2024/11/09 4:46:47 PM GMT+1,1,1,2,2,1,3,0,1,
dogdt5,2024/11/09 4:02:46 PM GMT+1,24,Male,Avid music listener,1,No,0,3,,2024/11/09 4:44:53 PM GMT+1,CYSP,1,1,3,3,2,2,1,2,2024/11/09 4:46:47 PM GMT+1,1,1,2,2,1,3,0,1,
gr21-1011,2024/11/09 5:23:59 PM GMT+1,72,Male,Not particularly interested in music,2,No,0,0,,2024/11/09 5:40:57 PM GMT+1,ILLIAC,3,3,1,2,0,3,2,0,2024/11/09 6:05:58 PM GMT+1,0,0,3,4,4,0,4,0,I wish the response was more coherent to my input. It felt completely random
gr21-1011,2024/11/09 5:23:59 PM GMT+1,72,Male,Not particularly interested in music,2,No,0,0,,2024/11/09 5:49:57 PM GMT+1,ALICE,1,3,2,2,1,2,2,0,2024/11/09 6:05:58 PM GMT+1,0,0,3,4,4,0,4,0,I wish the response was more coherent to my input. It felt completely random
gr21-1011,2024/11/09 5:23:59 PM GMT+1,72,Male,Not particularly interested in music,2,No,0,0,,2024/11/09 5:57:31 PM GMT+1,CYSP,2,4,0,0,0,2,4,2,2024/11/09 6:05:58 PM GMT+1,0,0,3,4,4,0,4,0,I wish the response was more coherent to my input. It felt completely random
gr21-1011,2024/11/09 5:23:59 PM GMT+1,72,Male,Not particularly interested in music,2,No,0,0,,2024/11/09 6:02:55 PM GMT+1,VOYAGER,2,3,0,0,0,2,2,2,2024/11/09 6:05:58 PM GMT+1,0,0,3,4,4,0,4,0,I wish the response was more coherent to my input. It felt completely random
dogdt6,2024/11/10 11:17:24 AM GMT+1,24,Male,Avid music listener,4,No,2,4,,2024/11/10 11:33:49 AM GMT+1,VOYAGER,1,3,1,1,0,2,0,0,2024/11/10 12:06:30 PM GMT+1,2,1,1,3,3,1,2,0,
dogdt6,2024/11/10 11:17:24 AM GMT+1,24,Male,Avid music listener,4,No,2,4,,2024/11/10 11:44:51 AM GMT+1,ILLIAC,2,3,2,1,1,2,2,1,2024/11/10 12:06:30 PM GMT+1,2,1,1,3,3,1,2,0,
dogdt6,2024/11/10 11:17:24 AM GMT+1,24,Male,Avid music listener,4,No,2,4,,2024/11/10 11:50:25 AM GMT+1,ALICE,1,2,2,0,0,2,0,1,2024/11/10 12:06:30 PM GMT+1,2,1,1,3,3,1,2,0,
gr14.1,2024/11/10 11:37:02 AM GMT+1,29,Male,Avid music listener,1,No,1,2,,2024/11/10 11:54:33 AM GMT+1,VOYAGER,1,3,4,1,4,4,0,0,2024/11/10 12:20:09 PM GMT+1,2,1,2,3,1,1,3,2,
gr14.1,2024/11/10 11:37:02 AM GMT+1,29,Male,Avid music listener,1,No,1,2,,2024/11/10 12:03:17 PM GMT+1,ILLIAC,1,0,3,3,4,4,0,1,2024/11/10 12:20:09 PM GMT+1,2,1,2,3,1,1,3,2,
dogdt6,2024/11/10 11:17:24 AM GMT+1,24,Male,Avid music listener,4,No,2,4,,2024/11/10 12:05:11 PM GMT+1,CYSP,1,0,1,0,0,1,1,2,2024/11/10 12:06:30 PM GMT+1,2,1,1,3,3,1,2,0,
gr14.1,2024/11/10 11:37:02 AM GMT+1,29,Male,Avid music listener,1,No,1,2,,2024/11/10 12:10:39 PM GMT+1,ALICE,0,0,4,3,4,3,0,0,2024/11/10 12:20:09 PM GMT+1,2,1,2,3,1,1,3,2,
gr14.1,2024/11/10 11:37:02 AM GMT+1,29,Male,Avid music listener,1,No,1,2,,2024/11/10 12:18:09 PM GMT+1,CYSP,0,0,4,2,4,4,0,0,2024/11/10 12:20:09 PM GMT+1,2,1,2,3,1,1,3,2,
group8_participant4,2024/11/10 1:12:51 PM GMT+1,24,Male,Avid music listener,3,No,0,3,,2024/11/10 1:28:31 PM GMT+1,ILLIAC,4,3,0,0,0,0,1,0,2024/11/10 1:44:31 PM GMT+1,1,0,0,4,4,0,0,0,
group8_participant4,2024/11/10 1:12:51 PM GMT+1,24,Male,Avid music listener,3,No,0,3,,2024/11/10 1:34:27 PM GMT+1,CYSP,4,3,0,0,0,0,2,0,2024/11/10 1:44:31 PM GMT+1,1,0,0,4,4,0,0,0,
group8_participant4,2024/11/10 1:12:51 PM GMT+1,24,Male,Avid music listener,3,No,0,3,,2024/11/10 1:39:27 PM GMT+1,VOYAGER,4,3,0,0,0,0,2,0,2024/11/10 1:44:31 PM GMT+1,1,0,0,4,4,0,0,0,
group8_participant4,2024/11/10 1:12:51 PM GMT+1,24,Male,Avid music listener,3,No,0,3,,2024/11/10 1:43:41 PM GMT+1,ALICE,4,3,0,0,0,0,2,0,2024/11/10 1:44:31 PM GMT+1,1,0,0,4,4,0,0,0,
group8_participant5,2024/11/10 1:45:46 PM GMT+1,24,Female,Averagely interested in music,3,No,0,3,,2024/11/10 1:52:29 PM GMT+1,CYSP,3,3,0,0,0,1,4,1,2024/11/10 2:08:46 PM GMT+1,1,1,0,4,3,0,2,0,I found the drumming sound while recording quite disrupting.
group8_participant5,2024/11/10 1:45:46 PM GMT+1,24,Female,Averagely interested in music,3,No,0,3,,2024/11/10 1:56:58 PM GMT+1,ALICE,3,4,0,0,1,0,4,0,2024/11/10 2:08:46 PM GMT+1,1,1,0,4,3,0,2,0,I found the drumming sound while recording quite disrupting.
group8_participant5,2024/11/10 1:45:46 PM GMT+1,24,Female,Averagely interested in music,3,No,0,3,,2024/11/10 2:01:14 PM GMT+1,ILLIAC,4,4,0,0,1,1,4,0,2024/11/10 2:08:46 PM GMT+1,1,1,0,4,3,0,2,0,I found the drumming sound while recording quite disrupting.
group8_participant5,2024/11/10 1:45:46 PM GMT+1,24,Female,Averagely interested in music,3,No,0,3,,2024/11/10 2:06:02 PM GMT+1,VOYAGER,3,4,0,0,1,0,3,0,2024/11/10 2:08:46 PM GMT+1,1,1,0,4,3,0,2,0,I found the drumming sound while recording quite disrupting.
g4_h5,2024/11/10 2:10:14 PM GMT+1,27,Male,Averagely interested in music,2,No,0,1,,2024/11/10 2:16:33 PM GMT+1,ILLIAC,1,4,0,0,0,1,2,4,2024/11/10 2:31:59 PM GMT+1,1,1,0,4,2,0,1,0,
g4_h5,2024/11/10 2:10:14 PM GMT+1,27,Male,Averagely interested in music,2,No,0,1,,2024/11/10 2:21:50 PM GMT+1,VOYAGER,3,2,2,2,1,1,0,2,2024/11/10 2:31:59 PM GMT+1,1,1,0,4,2,0,1,0,
g4_h5,2024/11/10 2:10:14 PM GMT+1,27,Male,Averagely interested in music,2,No,0,1,,2024/11/10 2:26:35 PM GMT+1,CYSP,2,1,3,2,2,3,0,1,2024/11/10 2:31:59 PM GMT+1,1,1,0,4,2,0,1,0,
g4_h5,2024/11/10 2:10:14 PM GMT+1,27,Male,Averagely interested in music,2,No,0,1,,2024/11/10 2:31:14 PM GMT+1,ALICE,2,1,1,1,2,2,0,2,2024/11/10 2:31:59 PM GMT+1,1,1,0,4,2,0,1,0,
gr9_1011h1547,2024/11/10 3:50:51 PM GMT+1,23,Female,Averagely interested in music,3,No,0,3,,2024/11/10 4:08:49 PM GMT+1,CYSP,3,0,1,0,1,1,0,3,2024/11/10 4:36:03 PM GMT+1,1,1,0,0,1,0,2,0,
gr9_1011h1547,2024/11/10 3:50:51 PM GMT+1,23,Female,Averagely interested in music,3,No,0,3,,2024/11/10 4:18:29 PM GMT+1,ILLIAC,4,0,0,0,0,0,0,4,2024/11/10 4:36:03 PM GMT+1,1,1,0,0,1,0,2,0,
burger3,2024/11/10 4:18:42 PM GMT+1,54,Female,Averagely interested in music,3,No,1,0,,2024/11/10 4:25:55 PM GMT+1,ILLIAC,1,0,2,2,2,2,0,0,2024/11/10 4:50:01 PM GMT+1,2,0,3,0,2,2,2,2,
gr9_1011h1547,2024/11/10 3:50:51 PM GMT+1,23,Female,Averagely interested in music,3,No,0,3,,2024/11/10 4:27:59 PM GMT+1,ALICE,3,0,0,0,0,0,0,4,2024/11/10 4:36:03 PM GMT+1,1,1,0,0,1,0,2,0,
grp3_c,2024/11/10 4:24:02 PM GMT+1,18,Male,Avid music listener,2,No,1,2,,2024/11/10 4:31:09 PM GMT+1,voyager,1,0,3,2,4,3,1,2,2024/11/10 4:51:47 PM GMT+1,2,1,3,1,1,3,4,4,
burger3,2024/11/10 4:18:42 PM GMT+1,54,Female,Averagely interested in music,3,No,1,0,,2024/11/10 4:33:38 PM GMT+1,VOYAGER,1,0,2,2,2,2,0,0,2024/11/10 4:50:01 PM GMT+1,2,0,3,0,2,2,2,2,
gr9_1011h1547,2024/11/10 3:50:51 PM GMT+1,23,Female,Averagely interested in music,3,No,0,3,,2024/11/10 4:34:50 PM GMT+1,VOYAGER,3,0,1,1,0,0,0,4,2024/11/10 4:36:03 PM GMT+1,1,1,0,0,1,0,2,0,
grp3_c,2024/11/10 4:24:02 PM GMT+1,18,Male,Avid music listener,2,No,1,2,,2024/11/10 4:36:43 PM GMT+1,cysp,2,0,3,1,3,2,0,3,2024/11/10 4:51:47 PM GMT+1,2,1,3,1,1,3,4,4,
dogdt1,2024/11/06 7:53:46 PM GMT+1,23,Female,Avid music listener,3,No,0,1,,2024/11/10 4:37:48 PM GMT+1,CYSP,1,1,2,3,1,3,1,1,2024/11/10 4:52:08 PM GMT+1,2,3,3,3,3,1,2,2,
burger3,2024/11/10 4:18:42 PM GMT+1,54,Female,Averagely interested in music,3,No,1,0,,2024/11/10 4:40:31 PM GMT+1,ALICE,0,0,3,2,2,3,2,0,2024/11/10 4:50:01 PM GMT+1,2,0,3,0,2,2,2,2,
grp3_c,2024/11/10 4:24:02 PM GMT+1,18,Male,Avid music listener,2,No,1,2,,2024/11/10 4:42:34 PM GMT+1,illiac,1,0,2,3,3,1,0,2,2024/11/10 4:51:47 PM GMT+1,2,1,3,1,1,3,4,4,
burger3,2024/11/10 4:18:42 PM GMT+1,54,Female,Averagely interested in music,3,No,1,0,,2024/11/10 4:47:49 PM GMT+1,CYSP,0,0,3,2,2,3,2,0,2024/11/10 4:50:01 PM GMT+1,2,0,3,0,2,2,2,2,
grp3_c,2024/11/10 4:24:02 PM GMT+1,18,Male,Avid music listener,2,No,1,2,,2024/11/10 4:50:03 PM GMT+1,Alice,1,0,2,3,3,2,0,3,2024/11/10 4:51:47 PM GMT+1,2,1,3,1,1,3,4,4,
dogdt1,2024/11/06 7:53:46 PM GMT+1,23,Female,Avid music listener,3,No,0,1,,2024/11/10 4:50:12 PM GMT+1,VOYAGER,2,1,2,3,3,2,1,2,2024/11/10 4:52:08 PM GMT+1,2,3,3,3,3,1,2,2,
g4_i2,2024/11/10 5:01:24 PM GMT+1,33,Male,Averagely interested in music,2,No,1,1,,2024/11/10 5:06:47 PM GMT+1,CYSP,2,0,1,3,2,2,0,1,2024/11/10 5:19:36 PM GMT+1,1,1,2,3,2,2,3,1,
g4_i2,2024/11/10 5:01:24 PM GMT+1,33,Male,Averagely interested in music,2,No,1,1,,2024/11/10 5:11:11 PM GMT+1,VOYAGER,3,3,1,1,0,0,1,2,2024/11/10 5:19:36 PM GMT+1,1,1,2,3,2,2,3,1,
GR13_Grønnsak,2024/11/10 5:04:42 PM GMT+1,29,Female,Averagely interested in music,3,No,0,1,,2024/11/10 5:11:15 PM GMT+1,cysp,0,0,2,1,2,3,2,0,2024/11/10 5:24:14 PM GMT+1,2,2,3,2,2,3,3,2,
g4_i2,2024/11/10 5:01:24 PM GMT+1,33,Male,Averagely interested in music,2,No,1,1,,2024/11/10 5:14:59 PM GMT+1,ILLIAC,3,4,1,1,0,0,1,1,2024/11/10 5:19:36 PM GMT+1,1,1,2,3,2,2,3,1,
GR13_Grønnsak,2024/11/10 5:04:42 PM GMT+1,29,Female,Averagely interested in music,3,No,0,1,,2024/11/10 5:16:02 PM GMT+1,voyager,0,1,2,1,2,2,1,0,2024/11/10 5:24:14 PM GMT+1,2,2,3,2,2,3,3,2,
g4_i2,2024/11/10 5:01:24 PM GMT+1,33,Male,Averagely interested in music,2,No,1,1,,2024/11/10 5:18:47 PM GMT+1,ALICE,2,2,2,2,1,2,0,0,2024/11/10 5:19:36 PM GMT+1,1,1,2,3,2,2,3,1,
GR13_Grønnsak,2024/11/10 5:04:42 PM GMT+1,29,Female,Averagely interested in music,3,No,0,1,,2024/11/10 5:20:06 PM GMT+1,alice,0,0,3,1,2,3,1,0,2024/11/10 5:24:14 PM GMT+1,2,2,3,2,2,3,3,2,
GR13_Grønnsak,2024/11/10 5:04:42 PM GMT+1,29,Female,Averagely interested in music,3,No,0,1,,2024/11/10 5:25:26 PM GMT+1,ILLIAC,1,1,2,1,1,2,1,0,2024/11/10 5:24:14 PM GMT+1,2,2,3,2,2,3,3,2,
gr9_1011h1713,2024/11/10 5:16:40 PM GMT+1,24,Female,Avid music listener,3,No,0,2,,2024/11/10 5:28:49 PM GMT+1,ALICE,0,0,3,2,3,4,0,0,2024/11/10 5:58:42 PM GMT+1,3,2,3,3,1,4,3,4,
gr9_1011h1713,2024/11/10 5:16:40 PM GMT+1,24,Female,Avid music listener,3,No,0,2,,2024/11/10 5:37:59 PM GMT+1,Illiac,3,2,1,0,1,3,2,0,2024/11/10 5:58:42 PM GMT+1,3,2,3,3,1,4,3,4,
La Cola,2024/11/10 5:34:44 PM GMT+1,23,Male,Averagely interested in music,2,No,1,3,,2024/11/10 5:41:13 PM GMT+1,CYSP,4,4,2,0,0,3,2,2,2024/11/10 5:58:39 PM GMT+1,1,0,0,4,4,1,2,0,
gr9_1011h1713,2024/11/10 5:16:40 PM GMT+1,24,Female,Avid music listener,3,No,0,2,,2024/11/10 5:45:50 PM GMT+1,Cysp,0,0,4,4,4,4,0,0,2024/11/10 5:58:42 PM GMT+1,3,2,3,3,1,4,3,4,
La Cola,2024/11/10 5:34:44 PM GMT+1,23,Male,Averagely interested in music,2,No,1,3,,2024/11/10 5:47:27 PM GMT+1,VOYAGER,3,4,0,0,0,3,2,3,2024/11/10 5:58:39 PM GMT+1,1,0,0,4,4,1,2,0,
La Cola,2024/11/10 5:34:44 PM GMT+1,23,Male,Averagely interested in music,2,No,1,3,,2024/11/10 5:52:38 PM GMT+1,ALICE,4,4,1,0,0,3,3,4,2024/11/10 5:58:39 PM GMT+1,1,0,0,4,4,1,2,0,
gr9_1011h1713,2024/11/10 5:16:40 PM GMT+1,24,Female,Avid music listener,3,No,0,2,,2024/11/10 5:56:57 PM GMT+1,voyager,0,1,4,4,3,4,0,0,2024/11/10 5:58:42 PM GMT+1,3,2,3,3,1,4,3,4,
La Cola,2024/11/10 5:34:44 PM GMT+1,23,Male,Averagely interested in music,2,No,1,3,,2024/11/10 5:59:19 PM GMT+1,ILLIAC,4,4,0,0,0,2,1,4,2024/11/10 5:58:39 PM GMT+1,1,0,0,4,4,1,2,0,
gr14.2,2024/11/10 6:09:57 PM GMT+1,24,Male,Averagely interested in music,2,No,1,3,,2024/11/10 6:15:24 PM GMT+1,ALICE,4,3,3,1,2,3,2,1,2024/11/10 6:35:59 PM GMT+1,2,1,2,3,2,2,1,0,
gr9_1011h1759,2024/11/10 6:01:41 PM GMT+1,24,Female,Avid music listener,3,No,1,2,,2024/11/10 6:17:03 PM GMT+1,illiac,3,1,2,3,1,3,0,3,2024/11/10 6:41:08 PM GMT+1,2,2,3,1,0,3,2,1,
gr14.2,2024/11/10 6:09:57 PM GMT+1,24,Male,Averagely interested in music,2,No,1,3,,2024/11/10 6:21:58 PM GMT+1,CYSP,2,1,2,1,1,2,0,1,2024/11/10 6:35:59 PM GMT+1,2,1,2,3,2,2,1,0,
gr9_1011h1759,2024/11/10 6:01:41 PM GMT+1,24,Female,Avid music listener,3,No,1,2,,2024/11/10 6:25:10 PM GMT+1,alice,1,1,3,3,2,2,0,2,2024/11/10 6:41:08 PM GMT+1,2,2,3,1,0,3,2,1,
gr14.2,2024/11/10 6:09:57 PM GMT+1,24,Male,Averagely interested in music,2,No,1,3,,2024/11/10 6:29:29 PM GMT+1,VOYAGER,3,1,1,0,1,1,0,2,2024/11/10 6:35:59 PM GMT+1,2,1,2,3,2,2,1,0,
gr9_1011h1759,2024/11/10 6:01:41 PM GMT+1,24,Female,Avid music listener,3,No,1,2,,2024/11/10 6:32:16 PM GMT+1,voyager,0,0,3,4,4,4,0,1,2024/11/10 6:41:08 PM GMT+1,2,2,3,1,0,3,2,1,
g4_j1,2024/11/10 6:28:28 PM GMT+1,25,Female,Avid music listener,2,No,0,1,,2024/11/10 6:33:01 PM GMT+1,ILLIAC,1,1,2,3,2,1,1,0,2024/11/10 6:45:42 PM GMT+1,1,2,1,3,2,1,2,1,
gr14.2,2024/11/10 6:09:57 PM GMT+1,24,Male,Averagely interested in music,2,No,1,3,,2024/11/10 6:34:06 PM GMT+1,ILLIAC,3,1,1,1,1,0,0,3,2024/11/10 6:35:59 PM GMT+1,2,1,2,3,2,2,1,0,
g4_j1,2024/11/10 6:28:28 PM GMT+1,25,Female,Avid music listener,2,No,0,1,,2024/11/10 6:37:03 PM GMT+1,VOYAGER,4,2,1,1,2,1,0,2,2024/11/10 6:45:42 PM GMT+1,1,2,1,3,2,1,2,1,
gr9_1011h1759,2024/11/10 6:01:41 PM GMT+1,24,Female,Avid music listener,3,No,1,2,,2024/11/10 6:39:55 PM GMT+1,cysp,3,2,1,1,1,1,2,1,2024/11/10 6:41:08 PM GMT+1,2,2,3,1,0,3,2,1,
g4_j1,2024/11/10 6:28:28 PM GMT+1,25,Female,Avid music listener,2,No,0,1,,2024/11/10 6:41:10 PM GMT+1,ALICE,2,2,1,2,2,0,1,2,2024/11/10 6:45:42 PM GMT+1,1,2,1,3,2,1,2,1,
g4_j1,2024/11/10 6:28:28 PM GMT+1,25,Female,Avid music listener,2,No,0,1,,2024/11/10 6:45:07 PM GMT+1,CYSP,1,1,2,2,3,3,0,1,2024/11/10 6:45:42 PM GMT+1,1,2,1,3,2,1,2,1,
16_s_2,2024/11/10 7:10:20 PM GMT+1,21,Male,Avid music listener,4,No,0,2,,2024/11/10 7:16:46 PM GMT+1,VOYAGER,1,0,1,2,1,2,0,0,2024/11/10 7:37:32 PM GMT+1,3,3,3,3,3,4,4,1,
gr14.3,2024/11/10 7:03:13 PM GMT+1,26,Female,Averagely interested in music,3,No,0,2,,2024/11/10 7:19:43 PM GMT+1,CYSP,4,4,0,0,0,2,3,0,2024/11/10 7:34:49 PM GMT+1,0,2,2,4,4,2,1,0,
16_s_2,2024/11/10 7:10:20 PM GMT+1,21,Male,Avid music listener,4,No,0,2,,2024/11/10 7:22:58 PM GMT+1,CYSP,2,1,0,4,0,1,0,1,2024/11/10 7:37:32 PM GMT+1,3,3,3,3,3,4,4,1,
gr14.3,2024/11/10 7:03:13 PM GMT+1,26,Female,Averagely interested in music,3,No,0,2,,2024/11/10 7:24:21 PM GMT+1,ALICE,1,1,0,0,0,0,2,1,2024/11/10 7:34:49 PM GMT+1,0,2,2,4,4,2,1,0,
gr14.3,2024/11/10 7:03:13 PM GMT+1,26,Female,Averagely interested in music,3,No,0,2,,2024/11/10 7:29:22 PM GMT+1,ILLIAC,4,3,0,0,0,0,1,0,2024/11/10 7:34:49 PM GMT+1,0,2,2,4,4,2,1,0,
16_s_2,2024/11/10 7:10:20 PM GMT+1,21,Male,Avid music listener,4,No,0,2,,2024/11/10 7:29:30 PM GMT+1,ALICE,2,1,0,3,2,3,0,0,2024/11/10 7:37:32 PM GMT+1,3,3,3,3,3,4,4,1,
gr14.3,2024/11/10 7:03:13 PM GMT+1,26,Female,Averagely interested in music,3,No,0,2,,2024/11/10 7:33:23 PM GMT+1,VOYAGER,4,4,0,0,0,0,0,0,2024/11/10 7:34:49 PM GMT+1,0,2,2,4,4,2,1,0,
16_s_2,2024/11/10 7:10:20 PM GMT+1,21,Male,Avid music listener,4,No,0,2,,2024/11/10 7:38:25 PM GMT+1,ILLIAC,3,1,2,3,4,4,0,2,2024/11/10 7:37:32 PM GMT+1,3,3,3,3,3,4,4,1,
16_s_3,2024/11/10 8:05:58 PM GMT+1,21,Male,Avid music listener,2,No,1,2,Hearing problems,2024/11/10 8:13:16 PM GMT+1,VOYAGER,1,2,2,1,0,4,1,2,2024/11/10 8:32:25 PM GMT+1,2,1,4,4,1,3,3,2,
16_s_3,2024/11/10 8:05:58 PM GMT+1,21,Male,Avid music listener,2,No,1,2,Hearing problems,2024/11/10 8:18:27 PM GMT+1,ALICE,1,3,3,1,1,4,2,1,2024/11/10 8:32:25 PM GMT+1,2,1,4,4,1,3,3,2,
16_s_3,2024/11/10 8:05:58 PM GMT+1,21,Male,Avid music listener,2,No,1,2,Hearing problems,2024/11/10 8:26:01 PM GMT+1,ILLIAC,2,2,3,2,3,3,2,1,2024/11/10 8:32:25 PM GMT+1,2,1,4,4,1,3,3,2,
GRAH,2024/11/10 8:22:23 PM GMT+1,24,Male,Student/semi-professional musician,1,No,1,4,,2024/11/10 8:26:59 PM GMT+1,CYSP,2,1,3,0,2,4,0,1,2024/11/10 8:46:29 PM GMT+1,0,0,3,4,4,4,4,0,
16_s_3,2024/11/10 8:05:58 PM GMT+1,21,Male,Avid music listener,2,No,1,2,Hearing problems,2024/11/10 8:33:16 PM GMT+1,CYSP,0,2,4,2,3,3,1,1,2024/11/10 8:32:25 PM GMT+1,2,1,4,4,1,3,3,2,
GRAH,2024/11/10 8:22:23 PM GMT+1,24,Male,Student/semi-professional musician,1,No,1,4,,2024/11/10 8:33:54 PM GMT+1,ILLIAC,3,3,1,0,1,2,0,3,2024/11/10 8:46:29 PM GMT+1,0,0,3,4,4,4,4,0,
gr14.5,2024/11/10 8:29:02 PM GMT+1,24,Male,Avid music listener,0,No,0,1,,2024/11/10 8:36:14 PM GMT+1,ILLIAC,0,0,4,2,1,4,1,0,2024/11/10 9:18:55 PM GMT+1,1,1,3,2,1,2,1,1,
GRAH,2024/11/10 8:22:23 PM GMT+1,24,Male,Student/semi-professional musician,1,No,1,4,,2024/11/10 8:40:54 PM GMT+1,ALICE,3,3,2,0,3,1,0,2,2024/11/10 8:46:29 PM GMT+1,0,0,3,4,4,4,4,0,
GRAH,2024/11/10 8:22:23 PM GMT+1,24,Male,Student/semi-professional musician,1,No,1,4,,2024/11/10 8:47:27 PM GMT+1,VOYAGER,4,4,1,0,0,0,0,4,2024/11/10 8:46:29 PM GMT+1,0,0,3,4,4,4,4,0,
gr14.5,2024/11/10 8:29:02 PM GMT+1,24,Male,Avid music listener,0,No,0,1,,2024/11/10 9:07:05 PM GMT+1,VOYAGER,1,0,2,2,2,3,0,1,2024/11/10 9:18:55 PM GMT+1,1,1,3,2,1,2,1,1,
gr9_1011h2053,2024/11/10 8:58:33 PM GMT+1,24,Male,Avid music listener,3,No,0,3,Hearing problems,2024/11/10 9:10:34 PM GMT+1,VOYAGER,2,4,0,1,0,3,0,0,2024/11/10 9:36:01 PM GMT+1,1,0,0,4,3,0,0,0,"Felt like an absolute waste of my time. It doesnt sound like music, sounds more like random drumming which sometimes accidentaly match my input, nevertheless sounding bad. When i give it ONE input to finally get it to shut up it wont even do that. It is like a disloyal dog"
gr14.5,2024/11/10 8:29:02 PM GMT+1,24,Male,Avid music listener,0,No,0,1,,2024/11/10 9:11:26 PM GMT+1,ALICE,1,1,2,2,2,3,0,0,2024/11/10 9:18:55 PM GMT+1,1,1,3,2,1,2,1,1,
gr14.5,2024/11/10 8:29:02 PM GMT+1,24,Male,Avid music listener,0,No,0,1,,2024/11/10 9:16:33 PM GMT+1,CYSP,0,0,4,4,2,4,1,0,2024/11/10 9:18:55 PM GMT+1,1,1,3,2,1,2,1,1,
gr9_1011h2053,2024/11/10 8:58:33 PM GMT+1,24,Male,Avid music listener,3,No,0,3,Hearing problems,2024/11/10 9:20:29 PM GMT+1,CYSP,4,4,0,0,0,1,2,1,2024/11/10 9:36:01 PM GMT+1,1,0,0,4,3,0,0,0,"Felt like an absolute waste of my time. It doesnt sound like music, sounds more like random drumming which sometimes accidentaly match my input, nevertheless sounding bad. When i give it ONE input to finally get it to shut up it wont even do that. It is like a disloyal dog"
gr9_1011h2053,2024/11/10 8:58:33 PM GMT+1,24,Male,Avid music listener,3,No,0,3,Hearing problems,2024/11/10 9:27:13 PM GMT+1,ALICE,4,4,0,0,0,0,3,3,2024/11/10 9:36:01 PM GMT+1,1,0,0,4,3,0,0,0,"Felt like an absolute waste of my time. It doesnt sound like music, sounds more like random drumming which sometimes accidentaly match my input, nevertheless sounding bad. When i give it ONE input to finally get it to shut up it wont even do that. It is like a disloyal dog"
gr9_1011h2053,2024/11/10 8:58:33 PM GMT+1,24,Male,Avid music listener,3,No,0,3,Hearing problems,2024/11/10 9:33:31 PM GMT+1,ILLIAC,4,4,0,0,0,0,0,4,2024/11/10 9:36:01 PM GMT+1,1,0,0,4,3,0,0,0,"Felt like an absolute waste of my time. It doesnt sound like music, sounds more like random drumming which sometimes accidentaly match my input, nevertheless sounding bad. When i give it ONE input to finally get it to shut up it wont even do that. It is like a disloyal dog"
gr14.6,2024/11/10 9:49:14 PM GMT+1,32,Male,Averagely interested in music,4,No,0,0,,2024/11/10 9:55:22 PM GMT+1,CYSP,4,3,1,2,0,3,0,0,2024/11/10 10:11:29 PM GMT+1,0,0,2,4,3,3,4,2,
gr14.6,2024/11/10 9:49:14 PM GMT+1,32,Male,Averagely interested in music,4,No,0,0,,2024/11/10 10:00:12 PM GMT+1,VOYAGER,1,1,2,4,1,2,0,0,2024/11/10 10:11:29 PM GMT+1,0,0,2,4,3,3,4,2,
gr14.6,2024/11/10 9:49:14 PM GMT+1,32,Male,Averagely interested in music,4,No,0,0,,2024/11/10 10:04:35 PM GMT+1, ALICE,3,2,3,4,2,3,0,0,2024/11/10 10:11:29 PM GMT+1,0,0,2,4,3,3,4,2,
gr14.6,2024/11/10 9:49:14 PM GMT+1,32,Male,Averagely interested in music,4,No,0,0,,2024/11/10 10:08:57 PM GMT+1,ILLIAC,1,0,3,3,2,4,0,0,2024/11/10 10:11:29 PM GMT+1,0,0,2,4,3,3,4,2,
gr21-1012,2024/11/10 10:35:07 PM GMT+1,23,Male,Averagely interested in music,1,Yes,1,2,,2024/11/10 10:40:28 PM GMT+1,CYSP,2,1,1,3,1,2,0,1,2024/11/10 10:52:54 PM GMT+1,1,1,1,2,1,3,3,2,
gr21-1012,2024/11/10 10:35:07 PM GMT+1,23,Male,Averagely interested in music,1,Yes,1,2,,2024/11/10 10:44:38 PM GMT+1,ALICE,1,1,1,3,2,2,1,1,2024/11/10 10:52:54 PM GMT+1,1,1,1,2,1,3,3,2,
gr21-1012,2024/11/10 10:35:07 PM GMT+1,23,Male,Averagely interested in music,1,Yes,1,2,,2024/11/10 10:48:36 PM GMT+1,VOYAGER,2,1,0,2,0,1,0,2,2024/11/10 10:52:54 PM GMT+1,1,1,1,2,1,3,3,2,
gr21-1012,2024/11/10 10:35:07 PM GMT+1,23,Male,Averagely interested in music,1,Yes,1,2,,2024/11/10 10:52:15 PM GMT+1,ILLIAC,1,0,2,2,2,2,0,1,2024/11/10 10:52:54 PM GMT+1,1,1,1,2,1,3,3,2,
gr21-1013,2024/11/10 10:55:47 PM GMT+1,23,Male,Averagely interested in music,3,No,0,4,,2024/11/10 11:03:54 PM GMT+1,CYSP,3,2,1,3,2,3,0,0,2024/11/10 11:19:27 PM GMT+1,2,3,1,1,3,3,3,0,
gr21-1013,2024/11/10 10:55:47 PM GMT+1,23,Male,Averagely interested in music,3,No,0,4,,2024/11/10 11:08:32 PM GMT+1,ALICE,3,3,0,3,1,1,0,0,2024/11/10 11:19:27 PM GMT+1,2,3,1,1,3,3,3,0,
gr21-1013,2024/11/10 10:55:47 PM GMT+1,23,Male,Averagely interested in music,3,No,0,4,,2024/11/10 11:12:57 PM GMT+1,VOYAGER,4,1,1,3,1,3,0,0,2024/11/10 11:19:27 PM GMT+1,2,3,1,1,3,3,3,0,
gr21-1013,2024/11/10 10:55:47 PM GMT+1,23,Male,Averagely interested in music,3,No,0,4,,2024/11/10 11:17:17 PM GMT+1,ILLIAC,2,1,1,2,3,3,0,0,2024/11/10 11:19:27 PM GMT+1,2,3,1,1,3,3,3,0,
gr13-knh2,2024/11/10 11:21:43 PM GMT+1,30,Female,Avid music listener,3,No,1,0,,2024/11/10 11:29:59 PM GMT+1,CYSP,3,2,3,2,1,2,0,0,2024/11/10 11:48:44 PM GMT+1,1,3,2,2,1,2,3,0,
gr13-knh2,2024/11/10 11:21:43 PM GMT+1,30,Female,Avid music listener,3,No,1,0,,2024/11/10 11:36:14 PM GMT+1,ILLIAC,3,2,3,2,2,1,1,0,2024/11/10 11:48:44 PM GMT+1,1,3,2,2,1,2,3,0,
gr13-knh2,2024/11/10 11:21:43 PM GMT+1,30,Female,Avid music listener,3,No,1,0,,2024/11/10 11:42:35 PM GMT+1,VOYAGER,1,2,3,2,1,0,1,0,2024/11/10 11:48:44 PM GMT+1,1,3,2,2,1,2,3,0,
gr13-knh2,2024/11/10 11:21:43 PM GMT+1,30,Female,Avid music listener,3,No,1,0,,2024/11/10 11:49:39 PM GMT+1,ALICE,2,2,2,2,1,0,0,0,2024/11/10 11:48:44 PM GMT+1,1,3,2,2,1,2,3,0,
6_2,2024/11/11 8:57:15 AM GMT+1,24,Female,Averagely interested in music,4,Yes,0,3,,2024/11/11 9:44:09 AM GMT+1,CYSP,3,1,1,2,1,2,0,0,2024/11/11 10:05:59 AM GMT+1,2,1,1,3,1,1,4,0,
6_2,2024/11/11 8:57:15 AM GMT+1,24,Female,Averagely interested in music,4,Yes,0,3,,2024/11/11 9:53:19 AM GMT+1,VOYAGER,4,2,0,2,0,0,0,2,2024/11/11 10:05:59 AM GMT+1,2,1,1,3,1,1,4,0,
group10-ez,2024/11/11 9:48:13 AM GMT+1,26,Male,Avid music listener,2,No,1,3,,2024/11/11 9:55:05 AM GMT+1,CYSP,2,2,0,3,3,3,0,0,2024/11/11 10:12:35 AM GMT+1,2,1,2,3,2,3,3,2,The last beat profile was a bit chaotic. There was just a lot going on. 
6_2,2024/11/11 8:57:15 AM GMT+1,24,Female,Averagely interested in music,4,Yes,0,3,,2024/11/11 9:58:54 AM GMT+1,ALICE,4,2,0,3,0,0,0,3,2024/11/11 10:05:59 AM GMT+1,2,1,1,3,1,1,4,0,
group10-ez,2024/11/11 9:48:13 AM GMT+1,26,Male,Avid music listener,2,No,1,3,,2024/11/11 9:59:57 AM GMT+1,VOYAGER,2,0,1,3,2,1,0,1,2024/11/11 10:12:35 AM GMT+1,2,1,2,3,2,3,3,2,The last beat profile was a bit chaotic. There was just a lot going on. 
6_2,2024/11/11 8:57:15 AM GMT+1,24,Female,Averagely interested in music,4,Yes,0,3,,2024/11/11 10:05:02 AM GMT+1,ILLIAC,4,2,0,2,0,0,0,3,2024/11/11 10:05:59 AM GMT+1,2,1,1,3,1,1,4,0,
group10-ez,2024/11/11 9:48:13 AM GMT+1,26,Male,Avid music listener,2,No,1,3,,2024/11/11 10:05:49 AM GMT+1,ALICE,2,1,1,2,2,1,0,2,2024/11/11 10:12:35 AM GMT+1,2,1,2,3,2,3,3,2,The last beat profile was a bit chaotic. There was just a lot going on. 
group10-ez,2024/11/11 9:48:13 AM GMT+1,26,Male,Avid music listener,2,No,1,3,,2024/11/11 10:13:16 AM GMT+1,ILLIAC,2,3,2,2,2,2,2,2,2024/11/11 10:12:35 AM GMT+1,2,1,2,3,2,3,3,2,The last beat profile was a bit chaotic. There was just a lot going on. 
8_2,2024/11/11 11:34:07 AM GMT+1,25,Male,Not particularly interested in music,3,No,0,3,,2024/11/11 11:36:31 AM GMT+1,CYSP,2,2,2,3,3,2,1,2,2024/11/11 11:49:19 AM GMT+1,2,1,2,3,4,4,3,1,
8_2,2024/11/11 11:34:07 AM GMT+1,25,Male,Not particularly interested in music,3,No,0,3,,2024/11/11 11:39:45 AM GMT+1,VOYAGER,2,1,3,3,4,3,2,2,2024/11/11 11:49:19 AM GMT+1,2,1,2,3,4,4,3,1,
8_2,2024/11/11 11:34:07 AM GMT+1,25,Male,Not particularly interested in music,3,No,0,3,,2024/11/11 11:43:54 AM GMT+1,ILLIAC,3,2,3,1,1,2,2,3,2024/11/11 11:49:19 AM GMT+1,2,1,2,3,4,4,3,1,
8_2,2024/11/11 11:34:07 AM GMT+1,25,Male,Not particularly interested in music,3,No,0,3,,2024/11/11 11:50:01 AM GMT+1, ALICE,3,3,2,1,2,2,1,3,2024/11/11 11:49:19 AM GMT+1,2,1,2,3,4,4,3,1,
6_3,2024/11/11 12:11:08 PM GMT+1,22,Female,Not particularly interested in music,2,Yes,0,2,,2024/11/11 12:17:55 PM GMT+1,VOYAGER,3,3,0,2,0,1,0,0,2024/11/11 1:28:15 PM GMT+1,2,1,1,3,3,2,3,1,
6_3,2024/11/11 12:11:08 PM GMT+1,22,Female,Not particularly interested in music,2,Yes,0,2,,2024/11/11 12:28:00 PM GMT+1,ALICE,3,1,1,2,1,0,0,0,2024/11/11 1:28:15 PM GMT+1,2,1,1,3,3,2,3,1,
gr13-knh3,2024/11/11 12:30:56 PM GMT+1,28,Male,Avid music listener,2,No,4,3,,2024/11/11 12:37:53 PM GMT+1,ILLIAC,1,4,2,0,0,3,2,1,2024/11/11 12:59:31 PM GMT+1,0,0,0,4,4,3,4,1,"The db felt broken and unfinished, fun and frustrating at the same time."
gr13-knh3,2024/11/11 12:30:56 PM GMT+1,28,Male,Avid music listener,2,No,4,3,,2024/11/11 12:44:03 PM GMT+1,ALICE,2,3,1,0,0,1,2,2,2024/11/11 12:59:31 PM GMT+1,0,0,0,4,4,3,4,1,"The db felt broken and unfinished, fun and frustrating at the same time."
gr13-knh3,2024/11/11 12:30:56 PM GMT+1,28,Male,Avid music listener,2,No,4,3,,2024/11/11 12:50:45 PM GMT+1,CYSP,3,4,0,0,0,1,3,2,2024/11/11 12:59:31 PM GMT+1,0,0,0,4,4,3,4,1,"The db felt broken and unfinished, fun and frustrating at the same time."
6_4,2024/11/11 12:15:01 PM GMT+1,24,Male,Avid music listener,3,No,1,4,,2024/11/11 12:58:40 PM GMT+1,VOYAGER,3,4,1,1,1,3,0,3,2024/11/11 1:16:53 PM GMT+1,4,2,2,4,3,3,3,0,
gr13-knh3,2024/11/11 12:30:56 PM GMT+1,28,Male,Avid music listener,2,No,4,3,,2024/11/11 1:00:21 PM GMT+1,VOYAGER,3,4,0,0,0,1,3,4,2024/11/11 12:59:31 PM GMT+1,0,0,0,4,4,3,4,1,"The db felt broken and unfinished, fun and frustrating at the same time."
6_4,2024/11/11 12:15:01 PM GMT+1,24,Male,Avid music listener,3,No,1,4,,2024/11/11 1:04:29 PM GMT+1,ILLIAC,4,4,1,1,0,2,0,2,2024/11/11 1:16:53 PM GMT+1,4,2,2,4,3,3,3,0,
6_4,2024/11/11 12:15:01 PM GMT+1,24,Male,Avid music listener,3,No,1,4,,2024/11/11 1:09:31 PM GMT+1,ALICE,3,3,1,1,2,2,0,2,2024/11/11 1:16:53 PM GMT+1,4,2,2,4,3,3,3,0,
6_4,2024/11/11 12:15:01 PM GMT+1,24,Male,Avid music listener,3,No,1,4,,2024/11/11 1:17:27 PM GMT+1,CYSP,4,4,0,0,1,1,0,3,2024/11/11 1:16:53 PM GMT+1,4,2,2,4,3,3,3,0,
6_3,2024/11/11 12:11:08 PM GMT+1,22,Female,Not particularly interested in music,2,Yes,0,2,,2024/11/11 1:23:44 PM GMT+1,ILLIAC,3,1,1,2,1,0,0,0,2024/11/11 1:28:15 PM GMT+1,2,1,1,3,3,2,3,1,
6_3,2024/11/11 12:11:08 PM GMT+1,22,Female,Not particularly interested in music,2,Yes,0,2,,2024/11/11 1:28:50 PM GMT+1,CYSP,4,2,0,2,0,0,0,1,2024/11/11 1:28:15 PM GMT+1,2,1,1,3,3,2,3,1,
6_5,2024/11/11 1:22:26 PM GMT+1,25,Female,Averagely interested in music,3,No,1,3,,2024/11/11 1:36:03 PM GMT+1,ILLIAC,2,3,1,2,1,2,1,3,2024/11/11 1:59:26 PM GMT+1,1,2,2,4,3,1,4,1,
6_5,2024/11/11 1:22:26 PM GMT+1,25,Female,Averagely interested in music,3,No,1,3,,2024/11/11 1:48:58 PM GMT+1,CYSP,1,1,2,3,3,3,1,1,2024/11/11 1:59:26 PM GMT+1,1,2,2,4,3,1,4,1,
6_5,2024/11/11 1:22:26 PM GMT+1,25,Female,Averagely interested in music,3,No,1,3,,2024/11/11 1:53:58 PM GMT+1,ALICE,1,2,1,3,3,4,0,2,2024/11/11 1:59:26 PM GMT+1,1,2,2,4,3,1,4,1,
6_5,2024/11/11 1:22:26 PM GMT+1,25,Female,Averagely interested in music,3,No,1,3,,2024/11/11 2:00:05 PM GMT+1,VOYAGER,3,4,2,1,1,2,2,4,2024/11/11 1:59:26 PM GMT+1,1,2,2,4,3,1,4,1,
6_6,2024/11/11 2:22:10 PM GMT+1,26,Male,Averagely interested in music,2,No,0,2,,2024/11/11 2:30:33 PM GMT+1,ILLIAC,1,2,1,3,2,1,1,2,2024/11/11 2:42:02 PM GMT+1,3,1,3,3,3,2,3,2,
6_6,2024/11/11 2:22:10 PM GMT+1,26,Male,Averagely interested in music,2,No,0,2,,2024/11/11 2:34:15 PM GMT+1,CYSP,2,2,1,3,3,2,0,2,2024/11/11 2:42:02 PM GMT+1,3,1,3,3,3,2,3,2,
6_6,2024/11/11 2:22:10 PM GMT+1,26,Male,Averagely interested in music,2,No,0,2,,2024/11/11 2:38:09 PM GMT+1,ALICE,3,2,1,1,2,1,0,3,2024/11/11 2:42:02 PM GMT+1,3,1,3,3,3,2,3,2,
6_6,2024/11/11 2:22:10 PM GMT+1,26,Male,Averagely interested in music,2,No,0,2,,2024/11/11 2:42:26 PM GMT+1,VOYAGER,3,4,1,2,2,3,0,4,2024/11/11 2:42:02 PM GMT+1,3,1,3,3,3,2,3,2,
kuromi1,2024/11/11 8:34:55 PM GMT+1,22,Male,Avid music listener,3,No,1,0,,2024/11/11 8:50:23 PM GMT+1,ILLIAC,1,2,2,0,1,3,2,1,2024/11/11 9:10:49 PM GMT+1,1,0,2,4,3,0,3,1,fix the tracking landscape. It's invisible and gets in the way when doing almost anything that requires the mouse. The consistent downloading makes it very hard to keep tapping in rhythm due to download pop-ups.  
kuromi1,2024/11/11 8:34:55 PM GMT+1,22,Male,Avid music listener,3,No,1,0,,2024/11/11 8:55:52 PM GMT+1,VOYAGER,1,3,1,3,1,0,1,2,2024/11/11 9:10:49 PM GMT+1,1,0,2,4,3,0,3,1,fix the tracking landscape. It's invisible and gets in the way when doing almost anything that requires the mouse. The consistent downloading makes it very hard to keep tapping in rhythm due to download pop-ups.  
kuromi1,2024/11/11 8:34:55 PM GMT+1,22,Male,Avid music listener,3,No,1,0,,2024/11/11 9:01:42 PM GMT+1,CYSP,3,4,0,0,1,3,4,4,2024/11/11 9:10:49 PM GMT+1,1,0,2,4,3,0,3,1,fix the tracking landscape. It's invisible and gets in the way when doing almost anything that requires the mouse. The consistent downloading makes it very hard to keep tapping in rhythm due to download pop-ups.  
kuromi1,2024/11/11 8:34:55 PM GMT+1,22,Male,Avid music listener,3,No,1,0,,2024/11/11 9:11:50 PM GMT+1,ALICE,2,1,3,1,2,3,2,1,2024/11/11 9:10:49 PM GMT+1,1,0,2,4,3,0,3,1,fix the tracking landscape. It's invisible and gets in the way when doing almost anything that requires the mouse. The consistent downloading makes it very hard to keep tapping in rhythm due to download pop-ups.  
group10_1,2024/11/11 9:44:07 PM GMT+1,31,Male,Averagely interested in music,2,No,0,0,,2024/11/11 9:56:50 PM GMT+1,VOYAGER,3,0,1,1,1,3,0,0,2024/11/11 10:22:52 PM GMT+1,1,1,3,3,2,3,1,0,It would be more fun with more instruments and if the db actually listened to my input
group10_1,2024/11/11 9:44:07 PM GMT+1,31,Male,Averagely interested in music,2,No,0,0,,2024/11/11 10:04:57 PM GMT+1,ILLIAC,1,0,2,2,2,3,0,0,2024/11/11 10:22:52 PM GMT+1,1,1,3,3,2,3,1,0,It would be more fun with more instruments and if the db actually listened to my input
group10_1,2024/11/11 9:44:07 PM GMT+1,31,Male,Averagely interested in music,2,No,0,0,,2024/11/11 10:14:46 PM GMT+1,CYSP,3,0,1,3,2,1,0,0,2024/11/11 10:22:52 PM GMT+1,1,1,3,3,2,3,1,0,It would be more fun with more instruments and if the db actually listened to my input
kuromi2,2024/11/11 10:02:52 PM GMT+1,23,Male,Avid music listener,2,No,0,3,,2024/11/11 10:19:47 PM GMT+1,ILLIAC,1,0,2,2,3,3,3,1,2024/11/11 10:38:39 PM GMT+1,3,3,3,0,1,4,4,3,
group10_1,2024/11/11 9:44:07 PM GMT+1,31,Male,Averagely interested in music,2,No,0,0,,2024/11/11 10:24:05 PM GMT+1,ALICE,3,1,1,3,2,1,0,0,2024/11/11 10:22:52 PM GMT+1,1,1,3,3,2,3,1,0,It would be more fun with more instruments and if the db actually listened to my input
kuromi2,2024/11/11 10:02:52 PM GMT+1,23,Male,Avid music listener,2,No,0,3,,2024/11/11 10:26:32 PM GMT+1,CYSP,1,1,2,2,2,3,1,0,2024/11/11 10:38:39 PM GMT+1,3,3,3,0,1,4,4,3,
kuromi2,2024/11/11 10:02:52 PM GMT+1,23,Male,Avid music listener,2,No,0,3,,2024/11/11 10:31:16 PM GMT+1,VOYAGER,1,1,2,2,2,3,1,1,2024/11/11 10:38:39 PM GMT+1,3,3,3,0,1,4,4,3,
royale1,2024/11/11 10:16:07 PM GMT+1,23,Female,Averagely interested in music,2,No,0,0,,2024/11/11 10:31:47 PM GMT+1,ALICE,4,4,4,0,0,0,4,2,2024/11/11 10:53:34 PM GMT+1,2,2,0,4,2,1,3,0,
royale1,2024/11/11 10:16:07 PM GMT+1,23,Female,Averagely interested in music,2,No,0,0,,2024/11/11 10:38:54 PM GMT+1,VOYAGER,4,3,0,0,0,0,3,2,2024/11/11 10:53:34 PM GMT+1,2,2,0,4,2,1,3,0,
kuromi2,2024/11/11 10:02:52 PM GMT+1,23,Male,Avid music listener,2,No,0,3,,2024/11/11 10:39:35 PM GMT+1,ALICE,0,0,2,2,3,4,1,0,2024/11/11 10:38:39 PM GMT+1,3,3,3,0,1,4,4,3,
royale1,2024/11/11 10:16:07 PM GMT+1,23,Female,Averagely interested in music,2,No,0,0,,2024/11/11 10:46:54 PM GMT+1,ILLIAC,4,4,0,0,0,0,4,2,2024/11/11 10:53:34 PM GMT+1,2,2,0,4,2,1,3,0,
royale1,2024/11/11 10:16:07 PM GMT+1,23,Female,Averagely interested in music,2,No,0,0,,2024/11/11 10:55:05 PM GMT+1,CYSP,4,4,0,0,0,0,4,2,2024/11/11 10:53:34 PM GMT+1,2,2,0,4,2,1,3,0,
royale2,2024/11/12 2:33:44 AM GMT+1,33,Male,Averagely interested in music,3,No,2,3,,2024/11/12 2:38:30 AM GMT+1,voyager,3,4,1,1,0,1,4,4,2024/11/12 3:36:38 AM GMT+1,1,0,1,4,4,1,4,0,
royale2,2024/11/12 2:33:44 AM GMT+1,33,Male,Averagely interested in music,3,No,2,3,,2024/11/12 2:49:02 AM GMT+1,ILLIAC,1,2,3,2,2,3,1,4,2024/11/12 3:36:38 AM GMT+1,1,0,1,4,4,1,4,0,
royale2,2024/11/12 2:33:44 AM GMT+1,33,Male,Averagely interested in music,3,No,2,3,,2024/11/12 3:00:41 AM GMT+1,Alice,3,3,2,2,1,2,1,4,2024/11/12 3:36:38 AM GMT+1,1,0,1,4,4,1,4,0,
royale2,2024/11/12 2:33:44 AM GMT+1,33,Male,Averagely interested in music,3,No,2,3,,2024/11/12 3:37:15 AM GMT+1,CYSP,4,4,0,0,0,0,0,4,2024/11/12 3:36:38 AM GMT+1,1,0,1,4,4,1,4,0,
royale3,2024/11/12 3:38:15 AM GMT+1,25,Male,Not particularly interested in music,1,Yes,0,0,,2024/11/12 3:47:50 AM GMT+1,ILLIAC,4,2,1,2,1,2,1,2,2024/11/12 4:05:09 AM GMT+1,0,0,0,4,4,0,4,0,
royale3,2024/11/12 3:38:15 AM GMT+1,25,Male,Not particularly interested in music,1,Yes,0,0,,2024/11/12 3:54:33 AM GMT+1,VOYAGER,3,3,1,1,1,1,3,4,2024/11/12 4:05:09 AM GMT+1,0,0,0,4,4,0,4,0,
royale3,2024/11/12 3:38:15 AM GMT+1,25,Male,Not particularly interested in music,1,Yes,0,0,,2024/11/12 3:59:33 AM GMT+1,CYSP,4,4,1,1,1,1,3,3,2024/11/12 4:05:09 AM GMT+1,0,0,0,4,4,0,4,0,
royale3,2024/11/12 3:38:15 AM GMT+1,25,Male,Not particularly interested in music,1,Yes,0,0,,2024/11/12 4:05:51 AM GMT+1,ALICE,3,3,0,0,0,0,0,3,2024/11/12 4:05:09 AM GMT+1,0,0,0,4,4,0,4,0,
group10_6,2024/11/12 12:05:05 PM GMT+1,26,Male,Avid music listener,2,No,2,4,,2024/11/12 12:12:43 PM GMT+1,CYSP,2,1,1,2,2,2,1,1,2024/11/12 12:27:37 PM GMT+1,2,1,3,3,1,3,3,1,
group10_6,2024/11/12 12:05:05 PM GMT+1,26,Male,Avid music listener,2,No,2,4,,2024/11/12 12:18:40 PM GMT+1,ALICE,2,2,2,2,3,2,2,2,2024/11/12 12:27:37 PM GMT+1,2,1,3,3,1,3,3,1,
group10_6,2024/11/12 12:05:05 PM GMT+1,26,Male,Avid music listener,2,No,2,4,,2024/11/12 12:22:47 PM GMT+1,ILLIAC,2,2,2,2,2,2,2,2,2024/11/12 12:27:37 PM GMT+1,2,1,3,3,1,3,3,1,
group10_6,2024/11/12 12:05:05 PM GMT+1,26,Male,Avid music listener,2,No,2,4,,2024/11/12 12:28:31 PM GMT+1,VOYAGER,3,2,1,2,1,1,1,2,2024/11/12 12:27:37 PM GMT+1,2,1,3,3,1,3,3,1,
